facility_code,metric_date,metric_code,value,unit_code,quality_flag,calculation_method,source_system
CIGLI_HOSP,2026-03-01,electricity_kwh,37578.39,kWh,estimated,mock_generator_v1,mock
CIGLI_HOSP,2026-03-01,water_m3,308.99,m3,estimated,mock_generator_v1,mock
CIGLI_HOSP,2026-03-01,medical_waste_kg,698.87,kg,estimated,mock_generator_v1,mock
CIGLI_HOSP,2026-03-01,pathological_waste_kg,36.97,kg,estimated,mock_generator_v1,mock
CIGLI_HOSP,2026-03-01,general_waste_kg,4272.93,kg,estimated,mock_generator_v1,mock
CIGLI_HOSP,2026-03-02,electricity_kwh,42890.57,kWh,estimated,mock_generator_v1,mock
CIGLI_HOSP,2026-03-02,water_m3,403.84,m3,estimated,mock_generator_v1,mock
CIGLI_HOSP,2026-03-02,medical_waste_kg,772.58,kg,estimated,mock_generator_v1,mock
CIGLI_HOSP,2026-03-02,pathological_waste_kg,44.16,kg,estimated,mock_generator_v1,mock
CIGLI_HOSP,2026-03-02,general_waste_kg,4390.61,kg,estimated,mock_generator_v1,mock
CIGLI_HOSP,2026-03-03,electricity_kwh,40581.94,kWh,estimated,mock_generator_v1,mock
CIGLI_HOSP,2026-03-03,water_m3,380.33,m3,estimated,mock_generator_v1,mock
CIGLI_HOSP,2026-03-03,medical_waste_kg,765.65,kg,estimated,mock_generator_v1,mock
CIGLI_HOSP,2026-03-03,pathological_waste_kg,41.75,kg,estimated,mock_generator_v1,mock
CIGLI_HOSP,2026-03-03,general_waste_kg,4798.62,kg,estimated,mock_generator_v1,mock
CIGLI_HOSP,2026-03-04,electricity_kwh,42226.51,kWh,estimated,mock_generator_v1,mock
CIGLI_HOSP,2026-03-04,water_m3,363.0,m3,estimated,mock_generator_v1,mock
CIGLI_HOSP,2026-03-04,medical_waste_kg,830.25,kg,estimated,mock_generator_v1,mock
CIGLI_HOSP,2026-03-04,pathological_waste_kg,48.34,kg,estimated,mock_generator_v1,mock
CIGLI_HOSP,2026-03-04,general_waste_kg,4375.28,kg,estimated,mock_generator_v1,mock
CIGLI_HOSP,2026-03-05,electricity_kwh,43541.33,kWh,estimated,mock_generator_v1,mock
CIGLI_HOSP,2026-03-05,water_m3,392.05,m3,estimated,mock_generator_v1,mock
CIGLI_HOSP,2026-03-05,medical_waste_kg,801.66,kg,estimated,mock_generator_v1,mock
CIGLI_HOSP,2026-03-05,pathological_waste_kg,41.28,kg,estimated,mock_generator_v1,mock
CIGLI_HOSP,2026-03-05,general_waste_kg,5000.85,kg,estimated,mock_generator_v1,mock
CIGLI_HOSP,2026-03-06,electricity_kwh,41176.44,kWh,estimated,mock_generator_v1,mock
CIGLI_HOSP,2026-03-06,water_m3,355.24,m3,estimated,mock_generator_v1,mock
CIGLI_HOSP,2026-03-06,medical_waste_kg,773.7,kg,estimated,mock_generator_v1,mock
CIGLI_HOSP,2026-03-06,pathological_waste_kg,48.75,kg,estimated,mock_generator_v1,mock
CIGLI_HOSP,2026-03-06,general_waste_kg,4768.25,kg,estimated,mock_generator_v1,mock
CIGLI_HOSP,2026-03-07,electricity_kwh,38322.18,kWh,estimated,mock_generator_v1,mock
CIGLI_HOSP,2026-03-07,water_m3,346.69,m3,estimated,mock_generator_v1,mock
CIGLI_HOSP,2026-03-07,medical_waste_kg,725.26,kg,estimated,mock_generator_v1,mock
CIGLI_HOSP,2026-03-07,pathological_waste_kg,44.1,kg,estimated,mock_generator_v1,mock
CIGLI_HOSP,2026-03-07,general_waste_kg,4065.67,kg,estimated,mock_generator_v1,mock
CIGLI_HOSP,2026-03-08,electricity_kwh,37190.81,kWh,estimated,mock_generator_v1,mock
CIGLI_HOSP,2026-03-08,water_m3,352.02,m3,estimated,mock_generator_v1,mock
CIGLI_HOSP,2026-03-08,medical_waste_kg,733.57,kg,estimated,mock_generator_v1,mock
CIGLI_HOSP,2026-03-08,pathological_waste_kg,43.04,kg,estimated,mock_generator_v1,mock
CIGLI_HOSP,2026-03-08,general_waste_kg,4180.79,kg,estimated,mock_generator_v1,mock
CIGLI_HOSP,2026-03-09,electricity_kwh,43031.04,kWh,estimated,mock_generator_v1,mock
CIGLI_HOSP,2026-03-09,water_m3,352.39,m3,estimated,mock_generator_v1,mock
CIGLI_HOSP,2026-03-09,medical_waste_kg,788.76,kg,estimated,mock_generator_v1,mock
CIGLI_HOSP,2026-03-09,pathological_waste_kg,42.73,kg,estimated,mock_generator_v1,mock
CIGLI_HOSP,2026-03-09,general_waste_kg,4423.5,kg,estimated,mock_generator_v1,mock
CIGLI_HOSP,2026-03-10,electricity_kwh,40653.27,kWh,estimated,mock_generator_v1,mock
CIGLI_HOSP,2026-03-10,water_m3,355.74,m3,estimated,mock_generator_v1,mock
CIGLI_HOSP,2026-03-10,medical_waste_kg,794.51,kg,estimated,mock_generator_v1,mock
CIGLI_HOSP,2026-03-10,pathological_waste_kg,46.47,kg,estimated,mock_generator_v1,mock
CIGLI_HOSP,2026-03-10,general_waste_kg,4611.06,kg,estimated,mock_generator_v1,mock
CIGLI_HOSP,2026-03-11,electricity_kwh,41345.71,kWh,estimated,mock_generator_v1,mock
CIGLI_HOSP,2026-03-11,water_m3,362.34,m3,estimated,mock_generator_v1,mock
CIGLI_HOSP,2026-03-11,medical_waste_kg,793.25,kg,estimated,mock_generator_v1,mock
CIGLI_HOSP,2026-03-11,pathological_waste_kg,49.72,kg,estimated,mock_generator_v1,mock
CIGLI_HOSP,2026-03-11,general_waste_kg,4797.41,kg,estimated,mock_generator_v1,mock
CIGLI_HOSP,2026-03-12,electricity_kwh,42550.02,kWh,estimated,mock_generator_v1,mock
CIGLI_HOSP,2026-03-12,water_m3,360.01,m3,estimated,mock_generator_v1,mock
CIGLI_HOSP,2026-03-12,medical_waste_kg,846.3,kg,estimated,mock_generator_v1,mock
CIGLI_HOSP,2026-03-12,pathological_waste_kg,41.36,kg,estimated,mock_generator_v1,mock
CIGLI_HOSP,2026-03-12,general_waste_kg,4620.68,kg,estimated,mock_generator_v1,mock
CIGLI_HOSP,2026-03-13,electricity_kwh,44467.2,kWh,estimated,mock_generator_v1,mock
CIGLI_HOSP,2026-03-13,water_m3,388.51,m3,estimated,mock_generator_v1,mock
CIGLI_HOSP,2026-03-13,medical_waste_kg,826.54,kg,estimated,mock_generator_v1,mock
CIGLI_HOSP,2026-03-13,pathological_waste_kg,46.99,kg,estimated,mock_generator_v1,mock
CIGLI_HOSP,2026-03-13,general_waste_kg,4925.6,kg,estimated,mock_generator_v1,mock
CIGLI_HOSP,2026-03-14,electricity_kwh,38184.11,kWh,estimated,mock_generator_v1,mock
CIGLI_HOSP,2026-03-14,water_m3,319.9,m3,estimated,mock_generator_v1,mock
CIGLI_HOSP,2026-03-14,medical_waste_kg,674.33,kg,estimated,mock_generator_v1,mock
CIGLI_HOSP,2026-03-14,pathological_waste_kg,37.85,kg,estimated,mock_generator_v1,mock
CIGLI_HOSP,2026-03-14,general_waste_kg,4001.51,kg,estimated,mock_generator_v1,mock
CIGLI_HOSP,2026-03-15,electricity_kwh,35678.15,kWh,estimated,mock_generator_v1,mock
CIGLI_HOSP,2026-03-15,water_m3,358.1,m3,estimated,mock_generator_v1,mock
CIGLI_HOSP,2026-03-15,medical_waste_kg,759.62,kg,estimated,mock_generator_v1,mock
CIGLI_HOSP,2026-03-15,pathological_waste_kg,37.84,kg,estimated,mock_generator_v1,mock
CIGLI_HOSP,2026-03-15,general_waste_kg,4226.01,kg,estimated,mock_generator_v1,mock
CIGLI_HOSP,2026-03-16,electricity_kwh,41473.98,kWh,estimated,mock_generator_v1,mock
CIGLI_HOSP,2026-03-16,water_m3,405.2,m3,estimated,mock_generator_v1,mock
CIGLI_HOSP,2026-03-16,medical_waste_kg,815.28,kg,estimated,mock_generator_v1,mock
CIGLI_HOSP,2026-03-16,pathological_waste_kg,42.46,kg,estimated,mock_generator_v1,mock
CIGLI_HOSP,2026-03-16,general_waste_kg,4533.28,kg,estimated,mock_generator_v1,mock
CIGLI_HOSP,2026-03-17,electricity_kwh,42309.3,kWh,estimated,mock_generator_v1,mock
CIGLI_HOSP,2026-03-17,water_m3,365.57,m3,estimated,mock_generator_v1,mock
CIGLI_HOSP,2026-03-17,medical_waste_kg,829.71,kg,estimated,mock_generator_v1,mock
CIGLI_HOSP,2026-03-17,pathological_waste_kg,49.3,kg,estimated,mock_generator_v1,mock
CIGLI_HOSP,2026-03-17,general_waste_kg,4633.81,kg,estimated,mock_generator_v1,mock
CIGLI_HOSP,2026-03-18,electricity_kwh,40585.38,kWh,estimated,mock_generator_v1,mock
CIGLI_HOSP,2026-03-18,water_m3,410.25,m3,estimated,mock_generator_v1,mock
CIGLI_HOSP,2026-03-18,medical_waste_kg,821.09,kg,estimated,mock_generator_v1,mock
CIGLI_HOSP,2026-03-18,pathological_waste_kg,40.58,kg,estimated,mock_generator_v1,mock
CIGLI_HOSP,2026-03-18,general_waste_kg,4402.0,kg,estimated,mock_generator_v1,mock
CIGLI_HOSP,2026-03-19,electricity_kwh,40032.63,kWh,estimated,mock_generator_v1,mock
CIGLI_HOSP,2026-03-19,water_m3,387.75,m3,estimated,mock_generator_v1,mock
CIGLI_HOSP,2026-03-19,medical_waste_kg,853.53,kg,estimated,mock_generator_v1,mock
CIGLI_HOSP,2026-03-19,pathological_waste_kg,44.16,kg,estimated,mock_generator_v1,mock
CIGLI_HOSP,2026-03-19,general_waste_kg,4412.8,kg,estimated,mock_generator_v1,mock
CIGLI_HOSP,2026-03-20,electricity_kwh,41403.36,kWh,estimated,mock_generator_v1,mock
CIGLI_HOSP,2026-03-20,water_m3,410.16,m3,estimated,mock_generator_v1,mock
CIGLI_HOSP,2026-03-20,medical_waste_kg,823.34,kg,estimated,mock_generator_v1,mock
CIGLI_HOSP,2026-03-20,pathological_waste_kg,50.09,kg,estimated,mock_generator_v1,mock
CIGLI_HOSP,2026-03-20,general_waste_kg,4937.39,kg,estimated,mock_generator_v1,mock
CIGLI_HOSP,2026-03-21,electricity_kwh,34793.32,kWh,estimated,mock_generator_v1,mock
CIGLI_HOSP,2026-03-21,water_m3,346.21,m3,estimated,mock_generator_v1,mock
CIGLI_HOSP,2026-03-21,medical_waste_kg,739.96,kg,estimated,mock_generator_v1,mock
CIGLI_HOSP,2026-03-21,pathological_waste_kg,39.95,kg,estimated,mock_generator_v1,mock
CIGLI_HOSP,2026-03-21,general_waste_kg,4000.98,kg,estimated,mock_generator_v1,mock
CIGLI_HOSP,2026-03-22,electricity_kwh,37585.19,kWh,estimated,mock_generator_v1,mock
CIGLI_HOSP,2026-03-22,water_m3,313.62,m3,estimated,mock_generator_v1,mock
CIGLI_HOSP,2026-03-22,medical_waste_kg,715.01,kg,estimated,mock_generator_v1,mock
CIGLI_HOSP,2026-03-22,pathological_waste_kg,39.16,kg,estimated,mock_generator_v1,mock
CIGLI_HOSP,2026-03-22,general_waste_kg,4398.78,kg,estimated,mock_generator_v1,mock
CIGLI_HOSP,2026-03-23,electricity_kwh,43894.3,kWh,estimated,mock_generator_v1,mock
CIGLI_HOSP,2026-03-23,water_m3,365.61,m3,estimated,mock_generator_v1,mock
CIGLI_HOSP,2026-03-23,medical_waste_kg,820.07,kg,estimated,mock_generator_v1,mock
CIGLI_HOSP,2026-03-23,pathological_waste_kg,41.53,kg,estimated,mock_generator_v1,mock
CIGLI_HOSP,2026-03-23,general_waste_kg,4971.51,kg,estimated,mock_generator_v1,mock
CIGLI_HOSP,2026-03-24,electricity_kwh,43867.41,kWh,estimated,mock_generator_v1,mock
CIGLI_HOSP,2026-03-24,water_m3,367.75,m3,estimated,mock_generator_v1,mock
CIGLI_HOSP,2026-03-24,medical_waste_kg,835.95,kg,estimated,mock_generator_v1,mock
CIGLI_HOSP,2026-03-24,pathological_waste_kg,46.18,kg,estimated,mock_generator_v1,mock
CIGLI_HOSP,2026-03-24,general_waste_kg,4471.57,kg,estimated,mock_generator_v1,mock
CIGLI_HOSP,2026-03-25,electricity_kwh,43323.05,kWh,estimated,mock_generator_v1,mock
CIGLI_HOSP,2026-03-25,water_m3,382.39,m3,estimated,mock_generator_v1,mock
CIGLI_HOSP,2026-03-25,medical_waste_kg,851.99,kg,estimated,mock_generator_v1,mock
CIGLI_HOSP,2026-03-25,pathological_waste_kg,45.33,kg,estimated,mock_generator_v1,mock
CIGLI_HOSP,2026-03-25,general_waste_kg,4371.38,kg,estimated,mock_generator_v1,mock
CIGLI_HOSP,2026-03-26,electricity_kwh,41113.75,kWh,estimated,mock_generator_v1,mock
CIGLI_HOSP,2026-03-26,water_m3,350.78,m3,estimated,mock_generator_v1,mock
CIGLI_HOSP,2026-03-26,medical_waste_kg,869.26,kg,estimated,mock_generator_v1,mock
CIGLI_HOSP,2026-03-26,pathological_waste_kg,49.09,kg,estimated,mock_generator_v1,mock
CIGLI_HOSP,2026-03-26,general_waste_kg,4918.24,kg,estimated,mock_generator_v1,mock
CIGLI_HOSP,2026-03-27,electricity_kwh,41029.87,kWh,estimated,mock_generator_v1,mock
CIGLI_HOSP,2026-03-27,water_m3,353.12,m3,estimated,mock_generator_v1,mock
CIGLI_HOSP,2026-03-27,medical_waste_kg,863.4,kg,estimated,mock_generator_v1,mock
CIGLI_HOSP,2026-03-27,pathological_waste_kg,49.83,kg,estimated,mock_generator_v1,mock
CIGLI_HOSP,2026-03-27,general_waste_kg,4427.36,kg,estimated,mock_generator_v1,mock
CIGLI_HOSP,2026-03-28,electricity_kwh,36897.86,kWh,estimated,mock_generator_v1,mock
CIGLI_HOSP,2026-03-28,water_m3,311.35,m3,estimated,mock_generator_v1,mock
CIGLI_HOSP,2026-03-28,medical_waste_kg,747.93,kg,estimated,mock_generator_v1,mock
CIGLI_HOSP,2026-03-28,pathological_waste_kg,42.13,kg,estimated,mock_generator_v1,mock
CIGLI_HOSP,2026-03-28,general_waste_kg,3920.82,kg,estimated,mock_generator_v1,mock
CIGLI_HOSP,2026-03-29,electricity_kwh,36850.37,kWh,estimated,mock_generator_v1,mock
CIGLI_HOSP,2026-03-29,water_m3,337.06,m3,estimated,mock_generator_v1,mock
CIGLI_HOSP,2026-03-29,medical_waste_kg,697.87,kg,estimated,mock_generator_v1,mock
CIGLI_HOSP,2026-03-29,pathological_waste_kg,43.14,kg,estimated,mock_generator_v1,mock
CIGLI_HOSP,2026-03-29,general_waste_kg,4091.49,kg,estimated,mock_generator_v1,mock
CIGLI_HOSP,2026-03-30,electricity_kwh,40547.46,kWh,estimated,mock_generator_v1,mock
CIGLI_HOSP,2026-03-30,water_m3,382.39,m3,estimated,mock_generator_v1,mock
CIGLI_HOSP,2026-03-30,medical_waste_kg,846.4,kg,estimated,mock_generator_v1,mock
CIGLI_HOSP,2026-03-30,pathological_waste_kg,41.77,kg,estimated,mock_generator_v1,mock
CIGLI_HOSP,2026-03-30,general_waste_kg,4576.11,kg,estimated,mock_generator_v1,mock
CIGLI_HOSP,2026-03-31,electricity_kwh,44495.55,kWh,estimated,mock_generator_v1,mock
CIGLI_HOSP,2026-03-31,water_m3,389.11,m3,estimated,mock_generator_v1,mock
CIGLI_HOSP,2026-03-31,medical_waste_kg,812.89,kg,estimated,mock_generator_v1,mock
CIGLI_HOSP,2026-03-31,pathological_waste_kg,45.19,kg,estimated,mock_generator_v1,mock
CIGLI_HOSP,2026-03-31,general_waste_kg,4450.62,kg,estimated,mock_generator_v1,mock
SADA_HOSP,2026-03-01,electricity_kwh,21698.66,kWh,estimated,mock_generator_v1,mock
SADA_HOSP,2026-03-01,water_m3,205.73,m3,estimated,mock_generator_v1,mock
SADA_HOSP,2026-03-01,medical_waste_kg,374.17,kg,estimated,mock_generator_v1,mock
SADA_HOSP,2026-03-01,pathological_waste_kg,18.11,kg,estimated,mock_generator_v1,mock
SADA_HOSP,2026-03-01,general_waste_kg,2198.38,kg,estimated,mock_generator_v1,mock
SADA_HOSP,2026-03-02,electricity_kwh,24187.24,kWh,estimated,mock_generator_v1,mock
SADA_HOSP,2026-03-02,water_m3,245.03,m3,estimated,mock_generator_v1,mock
SADA_HOSP,2026-03-02,medical_waste_kg,404.06,kg,estimated,mock_generator_v1,mock
SADA_HOSP,2026-03-02,pathological_waste_kg,24.14,kg,estimated,mock_generator_v1,mock
SADA_HOSP,2026-03-02,general_waste_kg,2730.91,kg,estimated,mock_generator_v1,mock
SADA_HOSP,2026-03-03,electricity_kwh,24186.82,kWh,estimated,mock_generator_v1,mock
SADA_HOSP,2026-03-03,water_m3,229.94,m3,estimated,mock_generator_v1,mock
SADA_HOSP,2026-03-03,medical_waste_kg,429.94,kg,estimated,mock_generator_v1,mock
SADA_HOSP,2026-03-03,pathological_waste_kg,20.49,kg,estimated,mock_generator_v1,mock
SADA_HOSP,2026-03-03,general_waste_kg,2466.16,kg,estimated,mock_generator_v1,mock
SADA_HOSP,2026-03-04,electricity_kwh,26832.67,kWh,estimated,mock_generator_v1,mock
SADA_HOSP,2026-03-04,water_m3,242.73,m3,estimated,mock_generator_v1,mock
SADA_HOSP,2026-03-04,medical_waste_kg,418.39,kg,estimated,mock_generator_v1,mock
SADA_HOSP,2026-03-04,pathological_waste_kg,23.5,kg,estimated,mock_generator_v1,mock
SADA_HOSP,2026-03-04,general_waste_kg,2711.93,kg,estimated,mock_generator_v1,mock
SADA_HOSP,2026-03-05,electricity_kwh,24552.65,kWh,estimated,mock_generator_v1,mock
SADA_HOSP,2026-03-05,water_m3,224.52,m3,estimated,mock_generator_v1,mock
SADA_HOSP,2026-03-05,medical_waste_kg,415.95,kg,estimated,mock_generator_v1,mock
SADA_HOSP,2026-03-05,pathological_waste_kg,21.6,kg,estimated,mock_generator_v1,mock
SADA_HOSP,2026-03-05,general_waste_kg,2588.0,kg,estimated,mock_generator_v1,mock
SADA_HOSP,2026-03-06,electricity_kwh,26200.97,kWh,estimated,mock_generator_v1,mock
SADA_HOSP,2026-03-06,water_m3,246.66,m3,estimated,mock_generator_v1,mock
SADA_HOSP,2026-03-06,medical_waste_kg,448.47,kg,estimated,mock_generator_v1,mock
SADA_HOSP,2026-03-06,pathological_waste_kg,19.88,kg,estimated,mock_generator_v1,mock
SADA_HOSP,2026-03-06,general_waste_kg,2564.55,kg,estimated,mock_generator_v1,mock
SADA_HOSP,2026-03-07,electricity_kwh,22007.27,kWh,estimated,mock_generator_v1,mock
SADA_HOSP,2026-03-07,water_m3,223.42,m3,estimated,mock_generator_v1,mock
SADA_HOSP,2026-03-07,medical_waste_kg,356.59,kg,estimated,mock_generator_v1,mock
SADA_HOSP,2026-03-07,pathological_waste_kg,17.92,kg,estimated,mock_generator_v1,mock
SADA_HOSP,2026-03-07,general_waste_kg,2271.54,kg,estimated,mock_generator_v1,mock
SADA_HOSP,2026-03-08,electricity_kwh,22229.64,kWh,estimated,mock_generator_v1,mock
SADA_HOSP,2026-03-08,water_m3,203.72,m3,estimated,mock_generator_v1,mock
SADA_HOSP,2026-03-08,medical_waste_kg,356.65,kg,estimated,mock_generator_v1,mock
SADA_HOSP,2026-03-08,pathological_waste_kg,21.33,kg,estimated,mock_generator_v1,mock
SADA_HOSP,2026-03-08,general_waste_kg,2269.78,kg,estimated,mock_generator_v1,mock
SADA_HOSP,2026-03-09,electricity_kwh,26605.73,kWh,estimated,mock_generator_v1,mock
SADA_HOSP,2026-03-09,water_m3,241.93,m3,estimated,mock_generator_v1,mock
SADA_HOSP,2026-03-09,medical_waste_kg,393.57,kg,estimated,mock_generator_v1,mock
SADA_HOSP,2026-03-09,pathological_waste_kg,24.64,kg,estimated,mock_generator_v1,mock
SADA_HOSP,2026-03-09,general_waste_kg,2722.31,kg,estimated,mock_generator_v1,mock
SADA_HOSP,2026-03-10,electricity_kwh,26935.13,kWh,estimated,mock_generator_v1,mock
SADA_HOSP,2026-03-10,water_m3,256.37,m3,estimated,mock_generator_v1,mock
SADA_HOSP,2026-03-10,medical_waste_kg,440.5,kg,estimated,mock_generator_v1,mock
SADA_HOSP,2026-03-10,pathological_waste_kg,20.24,kg,estimated,mock_generator_v1,mock
SADA_HOSP,2026-03-10,general_waste_kg,2594.77,kg,estimated,mock_generator_v1,mock
SADA_HOSP,2026-03-11,electricity_kwh,24624.07,kWh,estimated,mock_generator_v1,mock
SADA_HOSP,2026-03-11,water_m3,236.2,m3,estimated,mock_generator_v1,mock
SADA_HOSP,2026-03-11,medical_waste_kg,394.05,kg,estimated,mock_generator_v1,mock
SADA_HOSP,2026-03-11,pathological_waste_kg,21.36,kg,estimated,mock_generator_v1,mock
SADA_HOSP,2026-03-11,general_waste_kg,2776.65,kg,estimated,mock_generator_v1,mock
SADA_HOSP,2026-03-12,electricity_kwh,24781.52,kWh,estimated,mock_generator_v1,mock
SADA_HOSP,2026-03-12,water_m3,250.91,m3,estimated,mock_generator_v1,mock
SADA_HOSP,2026-03-12,medical_waste_kg,417.35,kg,estimated,mock_generator_v1,mock
SADA_HOSP,2026-03-12,pathological_waste_kg,21.59,kg,estimated,mock_generator_v1,mock
SADA_HOSP,2026-03-12,general_waste_kg,2766.46,kg,estimated,mock_generator_v1,mock
SADA_HOSP,2026-03-13,electricity_kwh,27015.99,kWh,estimated,mock_generator_v1,mock
SADA_HOSP,2026-03-13,water_m3,242.14,m3,estimated,mock_generator_v1,mock
SADA_HOSP,2026-03-13,medical_waste_kg,432.84,kg,estimated,mock_generator_v1,mock
SADA_HOSP,2026-03-13,pathological_waste_kg,20.18,kg,estimated,mock_generator_v1,mock
SADA_HOSP,2026-03-13,general_waste_kg,2526.0,kg,estimated,mock_generator_v1,mock
SADA_HOSP,2026-03-14,electricity_kwh,23702.14,kWh,estimated,mock_generator_v1,mock
SADA_HOSP,2026-03-14,water_m3,213.88,m3,estimated,mock_generator_v1,mock
SADA_HOSP,2026-03-14,medical_waste_kg,371.78,kg,estimated,mock_generator_v1,mock
SADA_HOSP,2026-03-14,pathological_waste_kg,20.51,kg,estimated,mock_generator_v1,mock
SADA_HOSP,2026-03-14,general_waste_kg,2146.15,kg,estimated,mock_generator_v1,mock
SADA_HOSP,2026-03-15,electricity_kwh,22666.67,kWh,estimated,mock_generator_v1,mock
SADA_HOSP,2026-03-15,water_m3,211.3,m3,estimated,mock_generator_v1,mock
SADA_HOSP,2026-03-15,medical_waste_kg,387.85,kg,estimated,mock_generator_v1,mock
SADA_HOSP,2026-03-15,pathological_waste_kg,17.77,kg,estimated,mock_generator_v1,mock
SADA_HOSP,2026-03-15,general_waste_kg,2435.6,kg,estimated,mock_generator_v1,mock
SADA_HOSP,2026-03-16,electricity_kwh,24215.14,kWh,estimated,mock_generator_v1,mock
SADA_HOSP,2026-03-16,water_m3,227.94,m3,estimated,mock_generator_v1,mock
SADA_HOSP,2026-03-16,medical_waste_kg,425.59,kg,estimated,mock_generator_v1,mock
SADA_HOSP,2026-03-16,pathological_waste_kg,22.93,kg,estimated,mock_generator_v1,mock
SADA_HOSP,2026-03-16,general_waste_kg,2503.61,kg,estimated,mock_generator_v1,mock
SADA_HOSP,2026-03-17,electricity_kwh,24336.85,kWh,estimated,mock_generator_v1,mock
SADA_HOSP,2026-03-17,water_m3,254.99,m3,estimated,mock_generator_v1,mock
SADA_HOSP,2026-03-17,medical_waste_kg,405.08,kg,estimated,mock_generator_v1,mock
SADA_HOSP,2026-03-17,pathological_waste_kg,22.5,kg,estimated,mock_generator_v1,mock
SADA_HOSP,2026-03-17,general_waste_kg,2643.45,kg,estimated,mock_generator_v1,mock
SADA_HOSP,2026-03-18,electricity_kwh,25252.83,kWh,estimated,mock_generator_v1,mock
SADA_HOSP,2026-03-18,water_m3,243.21,m3,estimated,mock_generator_v1,mock
SADA_HOSP,2026-03-18,medical_waste_kg,421.34,kg,estimated,mock_generator_v1,mock
SADA_HOSP,2026-03-18,pathological_waste_kg,24.3,kg,estimated,mock_generator_v1,mock
SADA_HOSP,2026-03-18,general_waste_kg,2492.35,kg,estimated,mock_generator_v1,mock
SADA_HOSP,2026-03-19,electricity_kwh,26161.55,kWh,estimated,mock_generator_v1,mock
SADA_HOSP,2026-03-19,water_m3,229.97,m3,estimated,mock_generator_v1,mock
SADA_HOSP,2026-03-19,medical_waste_kg,413.87,kg,estimated,mock_generator_v1,mock
SADA_HOSP,2026-03-19,pathological_waste_kg,22.91,kg,estimated,mock_generator_v1,mock
SADA_HOSP,2026-03-19,general_waste_kg,2527.2,kg,estimated,mock_generator_v1,mock
SADA_HOSP,2026-03-20,electricity_kwh,24937.5,kWh,estimated,mock_generator_v1,mock
SADA_HOSP,2026-03-20,water_m3,249.67,m3,estimated,mock_generator_v1,mock
SADA_HOSP,2026-03-20,medical_waste_kg,394.87,kg,estimated,mock_generator_v1,mock
SADA_HOSP,2026-03-20,pathological_waste_kg,21.78,kg,estimated,mock_generator_v1,mock
SADA_HOSP,2026-03-20,general_waste_kg,2781.44,kg,estimated,mock_generator_v1,mock
SADA_HOSP,2026-03-21,electricity_kwh,23775.89,kWh,estimated,mock_generator_v1,mock
SADA_HOSP,2026-03-21,water_m3,196.78,m3,estimated,mock_generator_v1,mock
SADA_HOSP,2026-03-21,medical_waste_kg,354.76,kg,estimated,mock_generator_v1,mock
SADA_HOSP,2026-03-21,pathological_waste_kg,18.27,kg,estimated,mock_generator_v1,mock
SADA_HOSP,2026-03-21,general_waste_kg,2426.78,kg,estimated,mock_generator_v1,mock
SADA_HOSP,2026-03-22,electricity_kwh,23465.59,kWh,estimated,mock_generator_v1,mock
SADA_HOSP,2026-03-22,water_m3,224.02,m3,estimated,mock_generator_v1,mock
SADA_HOSP,2026-03-22,medical_waste_kg,362.85,kg,estimated,mock_generator_v1,mock
SADA_HOSP,2026-03-22,pathological_waste_kg,17.77,kg,estimated,mock_generator_v1,mock
SADA_HOSP,2026-03-22,general_waste_kg,2394.91,kg,estimated,mock_generator_v1,mock
SADA_HOSP,2026-03-23,electricity_kwh,26122.83,kWh,estimated,mock_generator_v1,mock
SADA_HOSP,2026-03-23,water_m3,244.29,m3,estimated,mock_generator_v1,mock
SADA_HOSP,2026-03-23,medical_waste_kg,448.65,kg,estimated,mock_generator_v1,mock
SADA_HOSP,2026-03-23,pathological_waste_kg,22.81,kg,estimated,mock_generator_v1,mock
SADA_HOSP,2026-03-23,general_waste_kg,2420.85,kg,estimated,mock_generator_v1,mock
SADA_HOSP,2026-03-24,electricity_kwh,26470.34,kWh,estimated,mock_generator_v1,mock
SADA_HOSP,2026-03-24,water_m3,232.3,m3,estimated,mock_generator_v1,mock
SADA_HOSP,2026-03-24,medical_waste_kg,429.61,kg,estimated,mock_generator_v1,mock
SADA_HOSP,2026-03-24,pathological_waste_kg,24.32,kg,estimated,mock_generator_v1,mock
SADA_HOSP,2026-03-24,general_waste_kg,2466.88,kg,estimated,mock_generator_v1,mock
SADA_HOSP,2026-03-25,electricity_kwh,24323.21,kWh,estimated,mock_generator_v1,mock
SADA_HOSP,2026-03-25,water_m3,224.91,m3,estimated,mock_generator_v1,mock
SADA_HOSP,2026-03-25,medical_waste_kg,423.13,kg,estimated,mock_generator_v1,mock
SADA_HOSP,2026-03-25,pathological_waste_kg,20.8,kg,estimated,mock_generator_v1,mock
SADA_HOSP,2026-03-25,general_waste_kg,2638.16,kg,estimated,mock_generator_v1,mock
SADA_HOSP,2026-03-26,electricity_kwh,26165.89,kWh,estimated,mock_generator_v1,mock
SADA_HOSP,2026-03-26,water_m3,228.62,m3,estimated,mock_generator_v1,mock
SADA_HOSP,2026-03-26,medical_waste_kg,427.89,kg,estimated,mock_generator_v1,mock
SADA_HOSP,2026-03-26,pathological_waste_kg,20.75,kg,estimated,mock_generator_v1,mock
SADA_HOSP,2026-03-26,general_waste_kg,2595.83,kg,estimated,mock_generator_v1,mock
SADA_HOSP,2026-03-27,electricity_kwh,26740.33,kWh,estimated,mock_generator_v1,mock
SADA_HOSP,2026-03-27,water_m3,253.29,m3,estimated,mock_generator_v1,mock
SADA_HOSP,2026-03-27,medical_waste_kg,396.03,kg,estimated,mock_generator_v1,mock
SADA_HOSP,2026-03-27,pathological_waste_kg,21.6,kg,estimated,mock_generator_v1,mock
SADA_HOSP,2026-03-27,general_waste_kg,2518.71,kg,estimated,mock_generator_v1,mock
SADA_HOSP,2026-03-28,electricity_kwh,21103.15,kWh,estimated,mock_generator_v1,mock
SADA_HOSP,2026-03-28,water_m3,220.36,m3,estimated,mock_generator_v1,mock
SADA_HOSP,2026-03-28,medical_waste_kg,376.69,kg,estimated,mock_generator_v1,mock
SADA_HOSP,2026-03-28,pathological_waste_kg,18.25,kg,estimated,mock_generator_v1,mock
SADA_HOSP,2026-03-28,general_waste_kg,2365.27,kg,estimated,mock_generator_v1,mock
SADA_HOSP,2026-03-29,electricity_kwh,22579.17,kWh,estimated,mock_generator_v1,mock
SADA_HOSP,2026-03-29,water_m3,208.76,m3,estimated,mock_generator_v1,mock
SADA_HOSP,2026-03-29,medical_waste_kg,344.23,kg,estimated,mock_generator_v1,mock
SADA_HOSP,2026-03-29,pathological_waste_kg,17.39,kg,estimated,mock_generator_v1,mock
SADA_HOSP,2026-03-29,general_waste_kg,2410.72,kg,estimated,mock_generator_v1,mock
SADA_HOSP,2026-03-30,electricity_kwh,26736.02,kWh,estimated,mock_generator_v1,mock
SADA_HOSP,2026-03-30,water_m3,241.75,m3,estimated,mock_generator_v1,mock
SADA_HOSP,2026-03-30,medical_waste_kg,439.67,kg,estimated,mock_generator_v1,mock
SADA_HOSP,2026-03-30,pathological_waste_kg,22.44,kg,estimated,mock_generator_v1,mock
SADA_HOSP,2026-03-30,general_waste_kg,2471.91,kg,estimated,mock_generator_v1,mock
SADA_HOSP,2026-03-31,electricity_kwh,24359.98,kWh,estimated,mock_generator_v1,mock
SADA_HOSP,2026-03-31,water_m3,232.64,m3,estimated,mock_generator_v1,mock
SADA_HOSP,2026-03-31,medical_waste_kg,443.46,kg,estimated,mock_generator_v1,mock
SADA_HOSP,2026-03-31,pathological_waste_kg,23.56,kg,estimated,mock_generator_v1,mock
SADA_HOSP,2026-03-31,general_waste_kg,2731.3,kg,estimated,mock_generator_v1,mock
EYE_CENTER,2026-03-01,electricity_kwh,1659.83,kWh,estimated,mock_generator_v1,mock
EYE_CENTER,2026-03-01,water_m3,18.46,m3,estimated,mock_generator_v1,mock
EYE_CENTER,2026-03-01,medical_waste_kg,15.28,kg,estimated,mock_generator_v1,mock
EYE_CENTER,2026-03-01,pathological_waste_kg,0,kg,estimated,mock_generator_v1,mock
EYE_CENTER,2026-03-01,general_waste_kg,199.46,kg,estimated,mock_generator_v1,mock
EYE_CENTER,2026-03-02,electricity_kwh,1860.51,kWh,estimated,mock_generator_v1,mock
EYE_CENTER,2026-03-02,water_m3,23.35,m3,estimated,mock_generator_v1,mock
EYE_CENTER,2026-03-02,medical_waste_kg,17.76,kg,estimated,mock_generator_v1,mock
EYE_CENTER,2026-03-02,pathological_waste_kg,0,kg,estimated,mock_generator_v1,mock
EYE_CENTER,2026-03-02,general_waste_kg,244.05,kg,estimated,mock_generator_v1,mock
EYE_CENTER,2026-03-03,electricity_kwh,1725.38,kWh,estimated,mock_generator_v1,mock
EYE_CENTER,2026-03-03,water_m3,23.51,m3,estimated,mock_generator_v1,mock
EYE_CENTER,2026-03-03,medical_waste_kg,18.92,kg,estimated,mock_generator_v1,mock
EYE_CENTER,2026-03-03,pathological_waste_kg,0,kg,estimated,mock_generator_v1,mock
EYE_CENTER,2026-03-03,general_waste_kg,256.0,kg,estimated,mock_generator_v1,mock
EYE_CENTER,2026-03-04,electricity_kwh,1867.13,kWh,estimated,mock_generator_v1,mock
EYE_CENTER,2026-03-04,water_m3,23.34,m3,estimated,mock_generator_v1,mock
EYE_CENTER,2026-03-04,medical_waste_kg,16.8,kg,estimated,mock_generator_v1,mock
EYE_CENTER,2026-03-04,pathological_waste_kg,0,kg,estimated,mock_generator_v1,mock
EYE_CENTER,2026-03-04,general_waste_kg,247.95,kg,estimated,mock_generator_v1,mock
EYE_CENTER,2026-03-05,electricity_kwh,1763.75,kWh,estimated,mock_generator_v1,mock
EYE_CENTER,2026-03-05,water_m3,23.52,m3,estimated,mock_generator_v1,mock
EYE_CENTER,2026-03-05,medical_waste_kg,18.76,kg,estimated,mock_generator_v1,mock
EYE_CENTER,2026-03-05,pathological_waste_kg,0,kg,estimated,mock_generator_v1,mock
EYE_CENTER,2026-03-05,general_waste_kg,252.23,kg,estimated,mock_generator_v1,mock
EYE_CENTER,2026-03-06,electricity_kwh,1867.12,kWh,estimated,mock_generator_v1,mock
EYE_CENTER,2026-03-06,water_m3,21.18,m3,estimated,mock_generator_v1,mock
EYE_CENTER,2026-03-06,medical_waste_kg,18.72,kg,estimated,mock_generator_v1,mock
EYE_CENTER,2026-03-06,pathological_waste_kg,0,kg,estimated,mock_generator_v1,mock
EYE_CENTER,2026-03-06,general_waste_kg,226.83,kg,estimated,mock_generator_v1,mock
EYE_CENTER,2026-03-07,electricity_kwh,1654.74,kWh,estimated,mock_generator_v1,mock
EYE_CENTER,2026-03-07,water_m3,20.47,m3,estimated,mock_generator_v1,mock
EYE_CENTER,2026-03-07,medical_waste_kg,15.22,kg,estimated,mock_generator_v1,mock
EYE_CENTER,2026-03-07,pathological_waste_kg,0,kg,estimated,mock_generator_v1,mock
EYE_CENTER,2026-03-07,general_waste_kg,220.56,kg,estimated,mock_generator_v1,mock
EYE_CENTER,2026-03-08,electricity_kwh,1576.45,kWh,estimated,mock_generator_v1,mock
EYE_CENTER,2026-03-08,water_m3,18.76,m3,estimated,mock_generator_v1,mock
EYE_CENTER,2026-03-08,medical_waste_kg,16.49,kg,estimated,mock_generator_v1,mock
EYE_CENTER,2026-03-08,pathological_waste_kg,0,kg,estimated,mock_generator_v1,mock
EYE_CENTER,2026-03-08,general_waste_kg,203.15,kg,estimated,mock_generator_v1,mock
EYE_CENTER,2026-03-09,electricity_kwh,1697.11,kWh,estimated,mock_generator_v1,mock
EYE_CENTER,2026-03-09,water_m3,20.92,m3,estimated,mock_generator_v1,mock
EYE_CENTER,2026-03-09,medical_waste_kg,17.57,kg,estimated,mock_generator_v1,mock
EYE_CENTER,2026-03-09,pathological_waste_kg,0,kg,estimated,mock_generator_v1,mock
EYE_CENTER,2026-03-09,general_waste_kg,252.24,kg,estimated,mock_generator_v1,mock
EYE_CENTER,2026-03-10,electricity_kwh,1900.85,kWh,estimated,mock_generator_v1,mock
EYE_CENTER,2026-03-10,water_m3,21.22,m3,estimated,mock_generator_v1,mock
EYE_CENTER,2026-03-10,medical_waste_kg,18.36,kg,estimated,mock_generator_v1,mock
EYE_CENTER,2026-03-10,pathological_waste_kg,0,kg,estimated,mock_generator_v1,mock
EYE_CENTER,2026-03-10,general_waste_kg,236.63,kg,estimated,mock_generator_v1,mock
EYE_CENTER,2026-03-11,electricity_kwh,1903.93,kWh,estimated,mock_generator_v1,mock
EYE_CENTER,2026-03-11,water_m3,22.13,m3,estimated,mock_generator_v1,mock
EYE_CENTER,2026-03-11,medical_waste_kg,19.11,kg,estimated,mock_generator_v1,mock
EYE_CENTER,2026-03-11,pathological_waste_kg,0,kg,estimated,mock_generator_v1,mock
EYE_CENTER,2026-03-11,general_waste_kg,227.08,kg,estimated,mock_generator_v1,mock
EYE_CENTER,2026-03-12,electricity_kwh,1901.61,kWh,estimated,mock_generator_v1,mock
EYE_CENTER,2026-03-12,water_m3,20.87,m3,estimated,mock_generator_v1,mock
EYE_CENTER,2026-03-12,medical_waste_kg,19.17,kg,estimated,mock_generator_v1,mock
EYE_CENTER,2026-03-12,pathological_waste_kg,0,kg,estimated,mock_generator_v1,mock
EYE_CENTER,2026-03-12,general_waste_kg,232.12,kg,estimated,mock_generator_v1,mock
EYE_CENTER,2026-03-13,electricity_kwh,1715.41,kWh,estimated,mock_generator_v1,mock
EYE_CENTER,2026-03-13,water_m3,21.77,m3,estimated,mock_generator_v1,mock
EYE_CENTER,2026-03-13,medical_waste_kg,18.58,kg,estimated,mock_generator_v1,mock
EYE_CENTER,2026-03-13,pathological_waste_kg,0,kg,estimated,mock_generator_v1,mock
EYE_CENTER,2026-03-13,general_waste_kg,233.74,kg,estimated,mock_generator_v1,mock
EYE_CENTER,2026-03-14,electricity_kwh,1604.19,kWh,estimated,mock_generator_v1,mock
EYE_CENTER,2026-03-14,water_m3,19.4,m3,estimated,mock_generator_v1,mock
EYE_CENTER,2026-03-14,medical_waste_kg,15.59,kg,estimated,mock_generator_v1,mock
EYE_CENTER,2026-03-14,pathological_waste_kg,0,kg,estimated,mock_generator_v1,mock
EYE_CENTER,2026-03-14,general_waste_kg,213.46,kg,estimated,mock_generator_v1,mock
EYE_CENTER,2026-03-15,electricity_kwh,1537.38,kWh,estimated,mock_generator_v1,mock
EYE_CENTER,2026-03-15,water_m3,20.01,m3,estimated,mock_generator_v1,mock
EYE_CENTER,2026-03-15,medical_waste_kg,14.73,kg,estimated,mock_generator_v1,mock
EYE_CENTER,2026-03-15,pathological_waste_kg,0,kg,estimated,mock_generator_v1,mock
EYE_CENTER,2026-03-15,general_waste_kg,223.78,kg,estimated,mock_generator_v1,mock
EYE_CENTER,2026-03-16,electricity_kwh,1808.31,kWh,estimated,mock_generator_v1,mock
EYE_CENTER,2026-03-16,water_m3,22.77,m3,estimated,mock_generator_v1,mock
EYE_CENTER,2026-03-16,medical_waste_kg,18.61,kg,estimated,mock_generator_v1,mock
EYE_CENTER,2026-03-16,pathological_waste_kg,0,kg,estimated,mock_generator_v1,mock
EYE_CENTER,2026-03-16,general_waste_kg,245.73,kg,estimated,mock_generator_v1,mock
EYE_CENTER,2026-03-17,electricity_kwh,1770.67,kWh,estimated,mock_generator_v1,mock
EYE_CENTER,2026-03-17,water_m3,20.49,m3,estimated,mock_generator_v1,mock
EYE_CENTER,2026-03-17,medical_waste_kg,18.41,kg,estimated,mock_generator_v1,mock
EYE_CENTER,2026-03-17,pathological_waste_kg,0,kg,estimated,mock_generator_v1,mock
EYE_CENTER,2026-03-17,general_waste_kg,234.29,kg,estimated,mock_generator_v1,mock
EYE_CENTER,2026-03-18,electricity_kwh,1759.81,kWh,estimated,mock_generator_v1,mock
EYE_CENTER,2026-03-18,water_m3,23.23,m3,estimated,mock_generator_v1,mock
EYE_CENTER,2026-03-18,medical_waste_kg,18.55,kg,estimated,mock_generator_v1,mock
EYE_CENTER,2026-03-18,pathological_waste_kg,0,kg,estimated,mock_generator_v1,mock
EYE_CENTER,2026-03-18,general_waste_kg,233.29,kg,estimated,mock_generator_v1,mock
EYE_CENTER,2026-03-19,electricity_kwh,1758.81,kWh,estimated,mock_generator_v1,mock
EYE_CENTER,2026-03-19,water_m3,21.68,m3,estimated,mock_generator_v1,mock
EYE_CENTER,2026-03-19,medical_waste_kg,17.75,kg,estimated,mock_generator_v1,mock
EYE_CENTER,2026-03-19,pathological_waste_kg,0,kg,estimated,mock_generator_v1,mock
EYE_CENTER,2026-03-19,general_waste_kg,233.13,kg,estimated,mock_generator_v1,mock
EYE_CENTER,2026-03-20,electricity_kwh,1719.49,kWh,estimated,mock_generator_v1,mock
EYE_CENTER,2026-03-20,water_m3,21.72,m3,estimated,mock_generator_v1,mock
EYE_CENTER,2026-03-20,medical_waste_kg,19.11,kg,estimated,mock_generator_v1,mock
EYE_CENTER,2026-03-20,pathological_waste_kg,0,kg,estimated,mock_generator_v1,mock
EYE_CENTER,2026-03-20,general_waste_kg,245.96,kg,estimated,mock_generator_v1,mock
EYE_CENTER,2026-03-21,electricity_kwh,1660.57,kWh,estimated,mock_generator_v1,mock
EYE_CENTER,2026-03-21,water_m3,19.72,m3,estimated,mock_generator_v1,mock
EYE_CENTER,2026-03-21,medical_waste_kg,15.4,kg,estimated,mock_generator_v1,mock
EYE_CENTER,2026-03-21,pathological_waste_kg,0,kg,estimated,mock_generator_v1,mock
EYE_CENTER,2026-03-21,general_waste_kg,212.62,kg,estimated,mock_generator_v1,mock
EYE_CENTER,2026-03-22,electricity_kwh,1489.04,kWh,estimated,mock_generator_v1,mock
EYE_CENTER,2026-03-22,water_m3,18.7,m3,estimated,mock_generator_v1,mock
EYE_CENTER,2026-03-22,medical_waste_kg,15.68,kg,estimated,mock_generator_v1,mock
EYE_CENTER,2026-03-22,pathological_waste_kg,0,kg,estimated,mock_generator_v1,mock
EYE_CENTER,2026-03-22,general_waste_kg,213.56,kg,estimated,mock_generator_v1,mock
EYE_CENTER,2026-03-23,electricity_kwh,1833.42,kWh,estimated,mock_generator_v1,mock
EYE_CENTER,2026-03-23,water_m3,21.88,m3,estimated,mock_generator_v1,mock
EYE_CENTER,2026-03-23,medical_waste_kg,17.85,kg,estimated,mock_generator_v1,mock
EYE_CENTER,2026-03-23,pathological_waste_kg,0,kg,estimated,mock_generator_v1,mock
EYE_CENTER,2026-03-23,general_waste_kg,230.38,kg,estimated,mock_generator_v1,mock
EYE_CENTER,2026-03-24,electricity_kwh,1794.21,kWh,estimated,mock_generator_v1,mock
EYE_CENTER,2026-03-24,water_m3,23.41,m3,estimated,mock_generator_v1,mock
EYE_CENTER,2026-03-24,medical_waste_kg,18.75,kg,estimated,mock_generator_v1,mock
EYE_CENTER,2026-03-24,pathological_waste_kg,0,kg,estimated,mock_generator_v1,mock
EYE_CENTER,2026-03-24,general_waste_kg,228.9,kg,estimated,mock_generator_v1,mock
EYE_CENTER,2026-03-25,electricity_kwh,1710.32,kWh,estimated,mock_generator_v1,mock
EYE_CENTER,2026-03-25,water_m3,22.05,m3,estimated,mock_generator_v1,mock
EYE_CENTER,2026-03-25,medical_waste_kg,18.34,kg,estimated,mock_generator_v1,mock
EYE_CENTER,2026-03-25,pathological_waste_kg,0,kg,estimated,mock_generator_v1,mock
EYE_CENTER,2026-03-25,general_waste_kg,234.46,kg,estimated,mock_generator_v1,mock
EYE_CENTER,2026-03-26,electricity_kwh,1868.78,kWh,estimated,mock_generator_v1,mock
EYE_CENTER,2026-03-26,water_m3,22.88,m3,estimated,mock_generator_v1,mock
EYE_CENTER,2026-03-26,medical_waste_kg,18.44,kg,estimated,mock_generator_v1,mock
EYE_CENTER,2026-03-26,pathological_waste_kg,0,kg,estimated,mock_generator_v1,mock
EYE_CENTER,2026-03-26,general_waste_kg,230.75,kg,estimated,mock_generator_v1,mock
EYE_CENTER,2026-03-27,electricity_kwh,1735.01,kWh,estimated,mock_generator_v1,mock
EYE_CENTER,2026-03-27,water_m3,20.33,m3,estimated,mock_generator_v1,mock
EYE_CENTER,2026-03-27,medical_waste_kg,17.36,kg,estimated,mock_generator_v1,mock
EYE_CENTER,2026-03-27,pathological_waste_kg,0,kg,estimated,mock_generator_v1,mock
EYE_CENTER,2026-03-27,general_waste_kg,239.16,kg,estimated,mock_generator_v1,mock
EYE_CENTER,2026-03-28,electricity_kwh,1650.48,kWh,estimated,mock_generator_v1,mock
EYE_CENTER,2026-03-28,water_m3,18.04,m3,estimated,mock_generator_v1,mock
EYE_CENTER,2026-03-28,medical_waste_kg,15.65,kg,estimated,mock_generator_v1,mock
EYE_CENTER,2026-03-28,pathological_waste_kg,0,kg,estimated,mock_generator_v1,mock
EYE_CENTER,2026-03-28,general_waste_kg,215.04,kg,estimated,mock_generator_v1,mock
EYE_CENTER,2026-03-29,electricity_kwh,1525.92,kWh,estimated,mock_generator_v1,mock
EYE_CENTER,2026-03-29,water_m3,19.97,m3,estimated,mock_generator_v1,mock
EYE_CENTER,2026-03-29,medical_waste_kg,15.83,kg,estimated,mock_generator_v1,mock
EYE_CENTER,2026-03-29,pathological_waste_kg,0,kg,estimated,mock_generator_v1,mock
EYE_CENTER,2026-03-29,general_waste_kg,203.63,kg,estimated,mock_generator_v1,mock
EYE_CENTER,2026-03-30,electricity_kwh,1833.71,kWh,estimated,mock_generator_v1,mock
EYE_CENTER,2026-03-30,water_m3,20.26,m3,estimated,mock_generator_v1,mock
EYE_CENTER,2026-03-30,medical_waste_kg,18.63,kg,estimated,mock_generator_v1,mock
EYE_CENTER,2026-03-30,pathological_waste_kg,0,kg,estimated,mock_generator_v1,mock
EYE_CENTER,2026-03-30,general_waste_kg,249.07,kg,estimated,mock_generator_v1,mock
EYE_CENTER,2026-03-31,electricity_kwh,1715.02,kWh,estimated,mock_generator_v1,mock
EYE_CENTER,2026-03-31,water_m3,21.74,m3,estimated,mock_generator_v1,mock
EYE_CENTER,2026-03-31,medical_waste_kg,17.18,kg,estimated,mock_generator_v1,mock
EYE_CENTER,2026-03-31,pathological_waste_kg,0,kg,estimated,mock_generator_v1,mock
EYE_CENTER,2026-03-31,general_waste_kg,255.39,kg,estimated,mock_generator_v1,mock
CIGLI_MED,2026-03-01,electricity_kwh,2116.55,kWh,estimated,mock_generator_v1,mock
CIGLI_MED,2026-03-01,water_m3,22.87,m3,estimated,mock_generator_v1,mock
CIGLI_MED,2026-03-01,medical_waste_kg,21.23,kg,estimated,mock_generator_v1,mock
CIGLI_MED,2026-03-01,pathological_waste_kg,0,kg,estimated,mock_generator_v1,mock
CIGLI_MED,2026-03-01,general_waste_kg,295.33,kg,estimated,mock_generator_v1,mock
CIGLI_MED,2026-03-02,electricity_kwh,2387.46,kWh,estimated,mock_generator_v1,mock
CIGLI_MED,2026-03-02,water_m3,29.35,m3,estimated,mock_generator_v1,mock
CIGLI_MED,2026-03-02,medical_waste_kg,25.59,kg,estimated,mock_generator_v1,mock
CIGLI_MED,2026-03-02,pathological_waste_kg,0,kg,estimated,mock_generator_v1,mock
CIGLI_MED,2026-03-02,general_waste_kg,341.86,kg,estimated,mock_generator_v1,mock
CIGLI_MED,2026-03-03,electricity_kwh,2427.49,kWh,estimated,mock_generator_v1,mock
CIGLI_MED,2026-03-03,water_m3,30.02,m3,estimated,mock_generator_v1,mock
CIGLI_MED,2026-03-03,medical_waste_kg,26.37,kg,estimated,mock_generator_v1,mock
CIGLI_MED,2026-03-03,pathological_waste_kg,0,kg,estimated,mock_generator_v1,mock
CIGLI_MED,2026-03-03,general_waste_kg,325.05,kg,estimated,mock_generator_v1,mock
CIGLI_MED,2026-03-04,electricity_kwh,2463.15,kWh,estimated,mock_generator_v1,mock
CIGLI_MED,2026-03-04,water_m3,28.02,m3,estimated,mock_generator_v1,mock
CIGLI_MED,2026-03-04,medical_waste_kg,26.16,kg,estimated,mock_generator_v1,mock
CIGLI_MED,2026-03-04,pathological_waste_kg,0,kg,estimated,mock_generator_v1,mock
CIGLI_MED,2026-03-04,general_waste_kg,322.14,kg,estimated,mock_generator_v1,mock
CIGLI_MED,2026-03-05,electricity_kwh,2514.4,kWh,estimated,mock_generator_v1,mock
CIGLI_MED,2026-03-05,water_m3,29.09,m3,estimated,mock_generator_v1,mock
CIGLI_MED,2026-03-05,medical_waste_kg,24.91,kg,estimated,mock_generator_v1,mock
CIGLI_MED,2026-03-05,pathological_waste_kg,0,kg,estimated,mock_generator_v1,mock
CIGLI_MED,2026-03-05,general_waste_kg,309.21,kg,estimated,mock_generator_v1,mock
CIGLI_MED,2026-03-06,electricity_kwh,2327.21,kWh,estimated,mock_generator_v1,mock
CIGLI_MED,2026-03-06,water_m3,28.62,m3,estimated,mock_generator_v1,mock
CIGLI_MED,2026-03-06,medical_waste_kg,25.93,kg,estimated,mock_generator_v1,mock
CIGLI_MED,2026-03-06,pathological_waste_kg,0,kg,estimated,mock_generator_v1,mock
CIGLI_MED,2026-03-06,general_waste_kg,320.95,kg,estimated,mock_generator_v1,mock
CIGLI_MED,2026-03-07,electricity_kwh,2144.12,kWh,estimated,mock_generator_v1,mock
CIGLI_MED,2026-03-07,water_m3,23.75,m3,estimated,mock_generator_v1,mock
CIGLI_MED,2026-03-07,medical_waste_kg,20.7,kg,estimated,mock_generator_v1,mock
CIGLI_MED,2026-03-07,pathological_waste_kg,0,kg,estimated,mock_generator_v1,mock
CIGLI_MED,2026-03-07,general_waste_kg,273.15,kg,estimated,mock_generator_v1,mock
CIGLI_MED,2026-03-08,electricity_kwh,2054.14,kWh,estimated,mock_generator_v1,mock
CIGLI_MED,2026-03-08,water_m3,23.93,m3,estimated,mock_generator_v1,mock
CIGLI_MED,2026-03-08,medical_waste_kg,22.12,kg,estimated,mock_generator_v1,mock
CIGLI_MED,2026-03-08,pathological_waste_kg,0,kg,estimated,mock_generator_v1,mock
CIGLI_MED,2026-03-08,general_waste_kg,267.34,kg,estimated,mock_generator_v1,mock
CIGLI_MED,2026-03-09,electricity_kwh,2322.6,kWh,estimated,mock_generator_v1,mock
CIGLI_MED,2026-03-09,water_m3,28.87,m3,estimated,mock_generator_v1,mock
CIGLI_MED,2026-03-09,medical_waste_kg,25.72,kg,estimated,mock_generator_v1,mock
CIGLI_MED,2026-03-09,pathological_waste_kg,0,kg,estimated,mock_generator_v1,mock
CIGLI_MED,2026-03-09,general_waste_kg,300.48,kg,estimated,mock_generator_v1,mock
CIGLI_MED,2026-03-10,electricity_kwh,2373.39,kWh,estimated,mock_generator_v1,mock
CIGLI_MED,2026-03-10,water_m3,28.19,m3,estimated,mock_generator_v1,mock
CIGLI_MED,2026-03-10,medical_waste_kg,24.71,kg,estimated,mock_generator_v1,mock
CIGLI_MED,2026-03-10,pathological_waste_kg,0,kg,estimated,mock_generator_v1,mock
CIGLI_MED,2026-03-10,general_waste_kg,306.87,kg,estimated,mock_generator_v1,mock
CIGLI_MED,2026-03-11,electricity_kwh,2377.0,kWh,estimated,mock_generator_v1,mock
CIGLI_MED,2026-03-11,water_m3,29.81,m3,estimated,mock_generator_v1,mock
CIGLI_MED,2026-03-11,medical_waste_kg,25.29,kg,estimated,mock_generator_v1,mock
CIGLI_MED,2026-03-11,pathological_waste_kg,0,kg,estimated,mock_generator_v1,mock
CIGLI_MED,2026-03-11,general_waste_kg,328.76,kg,estimated,mock_generator_v1,mock
CIGLI_MED,2026-03-12,electricity_kwh,2502.74,kWh,estimated,mock_generator_v1,mock
CIGLI_MED,2026-03-12,water_m3,29.19,m3,estimated,mock_generator_v1,mock
CIGLI_MED,2026-03-12,medical_waste_kg,24.58,kg,estimated,mock_generator_v1,mock
CIGLI_MED,2026-03-12,pathological_waste_kg,0,kg,estimated,mock_generator_v1,mock
CIGLI_MED,2026-03-12,general_waste_kg,297.86,kg,estimated,mock_generator_v1,mock
CIGLI_MED,2026-03-13,electricity_kwh,2357.31,kWh,estimated,mock_generator_v1,mock
CIGLI_MED,2026-03-13,water_m3,29.14,m3,estimated,mock_generator_v1,mock
CIGLI_MED,2026-03-13,medical_waste_kg,26.24,kg,estimated,mock_generator_v1,mock
CIGLI_MED,2026-03-13,pathological_waste_kg,0,kg,estimated,mock_generator_v1,mock
CIGLI_MED,2026-03-13,general_waste_kg,340.31,kg,estimated,mock_generator_v1,mock
CIGLI_MED,2026-03-14,electricity_kwh,2091.48,kWh,estimated,mock_generator_v1,mock
CIGLI_MED,2026-03-14,water_m3,25.62,m3,estimated,mock_generator_v1,mock
CIGLI_MED,2026-03-14,medical_waste_kg,22.14,kg,estimated,mock_generator_v1,mock
CIGLI_MED,2026-03-14,pathological_waste_kg,0,kg,estimated,mock_generator_v1,mock
CIGLI_MED,2026-03-14,general_waste_kg,285.67,kg,estimated,mock_generator_v1,mock
CIGLI_MED,2026-03-15,electricity_kwh,2041.17,kWh,estimated,mock_generator_v1,mock
CIGLI_MED,2026-03-15,water_m3,23.53,m3,estimated,mock_generator_v1,mock
CIGLI_MED,2026-03-15,medical_waste_kg,21.8,kg,estimated,mock_generator_v1,mock
CIGLI_MED,2026-03-15,pathological_waste_kg,0,kg,estimated,mock_generator_v1,mock
CIGLI_MED,2026-03-15,general_waste_kg,263.03,kg,estimated,mock_generator_v1,mock
CIGLI_MED,2026-03-16,electricity_kwh,2352.81,kWh,estimated,mock_generator_v1,mock
CIGLI_MED,2026-03-16,water_m3,28.8,m3,estimated,mock_generator_v1,mock
CIGLI_MED,2026-03-16,medical_waste_kg,24.67,kg,estimated,mock_generator_v1,mock
CIGLI_MED,2026-03-16,pathological_waste_kg,0,kg,estimated,mock_generator_v1,mock
CIGLI_MED,2026-03-16,general_waste_kg,304.99,kg,estimated,mock_generator_v1,mock
CIGLI_MED,2026-03-17,electricity_kwh,2390.61,kWh,estimated,mock_generator_v1,mock
CIGLI_MED,2026-03-17,water_m3,26.33,m3,estimated,mock_generator_v1,mock
CIGLI_MED,2026-03-17,medical_waste_kg,25.43,kg,estimated,mock_generator_v1,mock
CIGLI_MED,2026-03-17,pathological_waste_kg,0,kg,estimated,mock_generator_v1,mock
CIGLI_MED,2026-03-17,general_waste_kg,298.81,kg,estimated,mock_generator_v1,mock
CIGLI_MED,2026-03-18,electricity_kwh,2369.48,kWh,estimated,mock_generator_v1,mock
CIGLI_MED,2026-03-18,water_m3,28.29,m3,estimated,mock_generator_v1,mock
CIGLI_MED,2026-03-18,medical_waste_kg,23.34,kg,estimated,mock_generator_v1,mock
CIGLI_MED,2026-03-18,pathological_waste_kg,0,kg,estimated,mock_generator_v1,mock
CIGLI_MED,2026-03-18,general_waste_kg,326.4,kg,estimated,mock_generator_v1,mock
CIGLI_MED,2026-03-19,electricity_kwh,2295.08,kWh,estimated,mock_generator_v1,mock
CIGLI_MED,2026-03-19,water_m3,27.83,m3,estimated,mock_generator_v1,mock
CIGLI_MED,2026-03-19,medical_waste_kg,23.43,kg,estimated,mock_generator_v1,mock
CIGLI_MED,2026-03-19,pathological_waste_kg,0,kg,estimated,mock_generator_v1,mock
CIGLI_MED,2026-03-19,general_waste_kg,314.58,kg,estimated,mock_generator_v1,mock
CIGLI_MED,2026-03-20,electricity_kwh,2316.96,kWh,estimated,mock_generator_v1,mock
CIGLI_MED,2026-03-20,water_m3,27.22,m3,estimated,mock_generator_v1,mock
CIGLI_MED,2026-03-20,medical_waste_kg,25.91,kg,estimated,mock_generator_v1,mock
CIGLI_MED,2026-03-20,pathological_waste_kg,0,kg,estimated,mock_generator_v1,mock
CIGLI_MED,2026-03-20,general_waste_kg,314.58,kg,estimated,mock_generator_v1,mock
CIGLI_MED,2026-03-21,electricity_kwh,2175.87,kWh,estimated,mock_generator_v1,mock
CIGLI_MED,2026-03-21,water_m3,25.95,m3,estimated,mock_generator_v1,mock
CIGLI_MED,2026-03-21,medical_waste_kg,21.24,kg,estimated,mock_generator_v1,mock
CIGLI_MED,2026-03-21,pathological_waste_kg,0,kg,estimated,mock_generator_v1,mock
CIGLI_MED,2026-03-21,general_waste_kg,265.12,kg,estimated,mock_generator_v1,mock
CIGLI_MED,2026-03-22,electricity_kwh,1990.19,kWh,estimated,mock_generator_v1,mock
CIGLI_MED,2026-03-22,water_m3,24.8,m3,estimated,mock_generator_v1,mock
CIGLI_MED,2026-03-22,medical_waste_kg,23.54,kg,estimated,mock_generator_v1,mock
CIGLI_MED,2026-03-22,pathological_waste_kg,0,kg,estimated,mock_generator_v1,mock
CIGLI_MED,2026-03-22,general_waste_kg,275.68,kg,estimated,mock_generator_v1,mock
CIGLI_MED,2026-03-23,electricity_kwh,2443.24,kWh,estimated,mock_generator_v1,mock
CIGLI_MED,2026-03-23,water_m3,29.26,m3,estimated,mock_generator_v1,mock
CIGLI_MED,2026-03-23,medical_waste_kg,25.53,kg,estimated,mock_generator_v1,mock
CIGLI_MED,2026-03-23,pathological_waste_kg,0,kg,estimated,mock_generator_v1,mock
CIGLI_MED,2026-03-23,general_waste_kg,331.39,kg,estimated,mock_generator_v1,mock
CIGLI_MED,2026-03-24,electricity_kwh,2529.49,kWh,estimated,mock_generator_v1,mock
CIGLI_MED,2026-03-24,water_m3,26.65,m3,estimated,mock_generator_v1,mock
CIGLI_MED,2026-03-24,medical_waste_kg,23.32,kg,estimated,mock_generator_v1,mock
CIGLI_MED,2026-03-24,pathological_waste_kg,0,kg,estimated,mock_generator_v1,mock
CIGLI_MED,2026-03-24,general_waste_kg,304.43,kg,estimated,mock_generator_v1,mock
CIGLI_MED,2026-03-25,electricity_kwh,2292.35,kWh,estimated,mock_generator_v1,mock
CIGLI_MED,2026-03-25,water_m3,28.76,m3,estimated,mock_generator_v1,mock
CIGLI_MED,2026-03-25,medical_waste_kg,25.22,kg,estimated,mock_generator_v1,mock
CIGLI_MED,2026-03-25,pathological_waste_kg,0,kg,estimated,mock_generator_v1,mock
CIGLI_MED,2026-03-25,general_waste_kg,307.36,kg,estimated,mock_generator_v1,mock
CIGLI_MED,2026-03-26,electricity_kwh,2457.45,kWh,estimated,mock_generator_v1,mock
CIGLI_MED,2026-03-26,water_m3,29.2,m3,estimated,mock_generator_v1,mock
CIGLI_MED,2026-03-26,medical_waste_kg,23.84,kg,estimated,mock_generator_v1,mock
CIGLI_MED,2026-03-26,pathological_waste_kg,0,kg,estimated,mock_generator_v1,mock
CIGLI_MED,2026-03-26,general_waste_kg,324.8,kg,estimated,mock_generator_v1,mock
CIGLI_MED,2026-03-27,electricity_kwh,2471.4,kWh,estimated,mock_generator_v1,mock
CIGLI_MED,2026-03-27,water_m3,26.27,m3,estimated,mock_generator_v1,mock
CIGLI_MED,2026-03-27,medical_waste_kg,26.12,kg,estimated,mock_generator_v1,mock
CIGLI_MED,2026-03-27,pathological_waste_kg,0,kg,estimated,mock_generator_v1,mock
CIGLI_MED,2026-03-27,general_waste_kg,340.82,kg,estimated,mock_generator_v1,mock
CIGLI_MED,2026-03-28,electricity_kwh,2012.68,kWh,estimated,mock_generator_v1,mock
CIGLI_MED,2026-03-28,water_m3,22.77,m3,estimated,mock_generator_v1,mock
CIGLI_MED,2026-03-28,medical_waste_kg,21.42,kg,estimated,mock_generator_v1,mock
CIGLI_MED,2026-03-28,pathological_waste_kg,0,kg,estimated,mock_generator_v1,mock
CIGLI_MED,2026-03-28,general_waste_kg,288.59,kg,estimated,mock_generator_v1,mock
CIGLI_MED,2026-03-29,electricity_kwh,2228.12,kWh,estimated,mock_generator_v1,mock
CIGLI_MED,2026-03-29,water_m3,24.23,m3,estimated,mock_generator_v1,mock
CIGLI_MED,2026-03-29,medical_waste_kg,22.66,kg,estimated,mock_generator_v1,mock
CIGLI_MED,2026-03-29,pathological_waste_kg,0,kg,estimated,mock_generator_v1,mock
CIGLI_MED,2026-03-29,general_waste_kg,264.88,kg,estimated,mock_generator_v1,mock
CIGLI_MED,2026-03-30,electricity_kwh,2454.9,kWh,estimated,mock_generator_v1,mock
CIGLI_MED,2026-03-30,water_m3,28.57,m3,estimated,mock_generator_v1,mock
CIGLI_MED,2026-03-30,medical_waste_kg,23.61,kg,estimated,mock_generator_v1,mock
CIGLI_MED,2026-03-30,pathological_waste_kg,0,kg,estimated,mock_generator_v1,mock
CIGLI_MED,2026-03-30,general_waste_kg,332.21,kg,estimated,mock_generator_v1,mock
CIGLI_MED,2026-03-31,electricity_kwh,2500.88,kWh,estimated,mock_generator_v1,mock
CIGLI_MED,2026-03-31,water_m3,28.45,m3,estimated,mock_generator_v1,mock
CIGLI_MED,2026-03-31,medical_waste_kg,23.67,kg,estimated,mock_generator_v1,mock
CIGLI_MED,2026-03-31,pathological_waste_kg,0,kg,estimated,mock_generator_v1,mock
CIGLI_MED,2026-03-31,general_waste_kg,341.68,kg,estimated,mock_generator_v1,mock
DENTAL_CENTER,2026-03-01,electricity_kwh,1910.68,kWh,estimated,mock_generator_v1,mock
DENTAL_CENTER,2026-03-01,water_m3,15.45,m3,estimated,mock_generator_v1,mock
DENTAL_CENTER,2026-03-01,medical_waste_kg,19.17,kg,estimated,mock_generator_v1,mock
DENTAL_CENTER,2026-03-01,pathological_waste_kg,0,kg,estimated,mock_generator_v1,mock
DENTAL_CENTER,2026-03-01,general_waste_kg,155.53,kg,estimated,mock_generator_v1,mock
DENTAL_CENTER,2026-03-02,electricity_kwh,2101.5,kWh,estimated,mock_generator_v1,mock
DENTAL_CENTER,2026-03-02,water_m3,17.54,m3,estimated,mock_generator_v1,mock
DENTAL_CENTER,2026-03-02,medical_waste_kg,23.08,kg,estimated,mock_generator_v1,mock
DENTAL_CENTER,2026-03-02,pathological_waste_kg,0,kg,estimated,mock_generator_v1,mock
DENTAL_CENTER,2026-03-02,general_waste_kg,188.12,kg,estimated,mock_generator_v1,mock
DENTAL_CENTER,2026-03-03,electricity_kwh,2000.6,kWh,estimated,mock_generator_v1,mock
DENTAL_CENTER,2026-03-03,water_m3,19.33,m3,estimated,mock_generator_v1,mock
DENTAL_CENTER,2026-03-03,medical_waste_kg,22.42,kg,estimated,mock_generator_v1,mock
DENTAL_CENTER,2026-03-03,pathological_waste_kg,0,kg,estimated,mock_generator_v1,mock
DENTAL_CENTER,2026-03-03,general_waste_kg,188.28,kg,estimated,mock_generator_v1,mock
DENTAL_CENTER,2026-03-04,electricity_kwh,2152.24,kWh,estimated,mock_generator_v1,mock
DENTAL_CENTER,2026-03-04,water_m3,17.81,m3,estimated,mock_generator_v1,mock
DENTAL_CENTER,2026-03-04,medical_waste_kg,22.72,kg,estimated,mock_generator_v1,mock
DENTAL_CENTER,2026-03-04,pathological_waste_kg,0,kg,estimated,mock_generator_v1,mock
DENTAL_CENTER,2026-03-04,general_waste_kg,191.73,kg,estimated,mock_generator_v1,mock
DENTAL_CENTER,2026-03-05,electricity_kwh,2042.06,kWh,estimated,mock_generator_v1,mock
DENTAL_CENTER,2026-03-05,water_m3,18.89,m3,estimated,mock_generator_v1,mock
DENTAL_CENTER,2026-03-05,medical_waste_kg,22.12,kg,estimated,mock_generator_v1,mock
DENTAL_CENTER,2026-03-05,pathological_waste_kg,0,kg,estimated,mock_generator_v1,mock
DENTAL_CENTER,2026-03-05,general_waste_kg,179.58,kg,estimated,mock_generator_v1,mock
DENTAL_CENTER,2026-03-06,electricity_kwh,2083.76,kWh,estimated,mock_generator_v1,mock
DENTAL_CENTER,2026-03-06,water_m3,18.67,m3,estimated,mock_generator_v1,mock
DENTAL_CENTER,2026-03-06,medical_waste_kg,21.29,kg,estimated,mock_generator_v1,mock
DENTAL_CENTER,2026-03-06,pathological_waste_kg,0,kg,estimated,mock_generator_v1,mock
DENTAL_CENTER,2026-03-06,general_waste_kg,188.86,kg,estimated,mock_generator_v1,mock
DENTAL_CENTER,2026-03-07,electricity_kwh,1921.34,kWh,estimated,mock_generator_v1,mock
DENTAL_CENTER,2026-03-07,water_m3,14.79,m3,estimated,mock_generator_v1,mock
DENTAL_CENTER,2026-03-07,medical_waste_kg,20.39,kg,estimated,mock_generator_v1,mock
DENTAL_CENTER,2026-03-07,pathological_waste_kg,0,kg,estimated,mock_generator_v1,mock
DENTAL_CENTER,2026-03-07,general_waste_kg,152.72,kg,estimated,mock_generator_v1,mock
DENTAL_CENTER,2026-03-08,electricity_kwh,1840.17,kWh,estimated,mock_generator_v1,mock
DENTAL_CENTER,2026-03-08,water_m3,16.12,m3,estimated,mock_generator_v1,mock
DENTAL_CENTER,2026-03-08,medical_waste_kg,19.03,kg,estimated,mock_generator_v1,mock
DENTAL_CENTER,2026-03-08,pathological_waste_kg,0,kg,estimated,mock_generator_v1,mock
DENTAL_CENTER,2026-03-08,general_waste_kg,147.95,kg,estimated,mock_generator_v1,mock
DENTAL_CENTER,2026-03-09,electricity_kwh,2188.44,kWh,estimated,mock_generator_v1,mock
DENTAL_CENTER,2026-03-09,water_m3,17.08,m3,estimated,mock_generator_v1,mock
DENTAL_CENTER,2026-03-09,medical_waste_kg,21.11,kg,estimated,mock_generator_v1,mock
DENTAL_CENTER,2026-03-09,pathological_waste_kg,0,kg,estimated,mock_generator_v1,mock
DENTAL_CENTER,2026-03-09,general_waste_kg,187.51,kg,estimated,mock_generator_v1,mock
DENTAL_CENTER,2026-03-10,electricity_kwh,2059.77,kWh,estimated,mock_generator_v1,mock
DENTAL_CENTER,2026-03-10,water_m3,19.1,m3,estimated,mock_generator_v1,mock
DENTAL_CENTER,2026-03-10,medical_waste_kg,22.62,kg,estimated,mock_generator_v1,mock
DENTAL_CENTER,2026-03-10,pathological_waste_kg,0,kg,estimated,mock_generator_v1,mock
DENTAL_CENTER,2026-03-10,general_waste_kg,174.36,kg,estimated,mock_generator_v1,mock
DENTAL_CENTER,2026-03-11,electricity_kwh,1976.56,kWh,estimated,mock_generator_v1,mock
DENTAL_CENTER,2026-03-11,water_m3,19.29,m3,estimated,mock_generator_v1,mock
DENTAL_CENTER,2026-03-11,medical_waste_kg,20.72,kg,estimated,mock_generator_v1,mock
DENTAL_CENTER,2026-03-11,pathological_waste_kg,0,kg,estimated,mock_generator_v1,mock
DENTAL_CENTER,2026-03-11,general_waste_kg,185.55,kg,estimated,mock_generator_v1,mock
DENTAL_CENTER,2026-03-12,electricity_kwh,2097.12,kWh,estimated,mock_generator_v1,mock
DENTAL_CENTER,2026-03-12,water_m3,18.74,m3,estimated,mock_generator_v1,mock
DENTAL_CENTER,2026-03-12,medical_waste_kg,22.59,kg,estimated,mock_generator_v1,mock
DENTAL_CENTER,2026-03-12,pathological_waste_kg,0,kg,estimated,mock_generator_v1,mock
DENTAL_CENTER,2026-03-12,general_waste_kg,183.68,kg,estimated,mock_generator_v1,mock
DENTAL_CENTER,2026-03-13,electricity_kwh,2097.69,kWh,estimated,mock_generator_v1,mock
DENTAL_CENTER,2026-03-13,water_m3,18.84,m3,estimated,mock_generator_v1,mock
DENTAL_CENTER,2026-03-13,medical_waste_kg,20.75,kg,estimated,mock_generator_v1,mock
DENTAL_CENTER,2026-03-13,pathological_waste_kg,0,kg,estimated,mock_generator_v1,mock
DENTAL_CENTER,2026-03-13,general_waste_kg,172.98,kg,estimated,mock_generator_v1,mock
DENTAL_CENTER,2026-03-14,electricity_kwh,1890.53,kWh,estimated,mock_generator_v1,mock
DENTAL_CENTER,2026-03-14,water_m3,15.35,m3,estimated,mock_generator_v1,mock
DENTAL_CENTER,2026-03-14,medical_waste_kg,19.58,kg,estimated,mock_generator_v1,mock
DENTAL_CENTER,2026-03-14,pathological_waste_kg,0,kg,estimated,mock_generator_v1,mock
DENTAL_CENTER,2026-03-14,general_waste_kg,157.81,kg,estimated,mock_generator_v1,mock
DENTAL_CENTER,2026-03-15,electricity_kwh,1854.86,kWh,estimated,mock_generator_v1,mock
DENTAL_CENTER,2026-03-15,water_m3,15.65,m3,estimated,mock_generator_v1,mock
DENTAL_CENTER,2026-03-15,medical_waste_kg,20.03,kg,estimated,mock_generator_v1,mock
DENTAL_CENTER,2026-03-15,pathological_waste_kg,0,kg,estimated,mock_generator_v1,mock
DENTAL_CENTER,2026-03-15,general_waste_kg,154.65,kg,estimated,mock_generator_v1,mock
DENTAL_CENTER,2026-03-16,electricity_kwh,2151.12,kWh,estimated,mock_generator_v1,mock
DENTAL_CENTER,2026-03-16,water_m3,17.34,m3,estimated,mock_generator_v1,mock
DENTAL_CENTER,2026-03-16,medical_waste_kg,21.23,kg,estimated,mock_generator_v1,mock
DENTAL_CENTER,2026-03-16,pathological_waste_kg,0,kg,estimated,mock_generator_v1,mock
DENTAL_CENTER,2026-03-16,general_waste_kg,170.44,kg,estimated,mock_generator_v1,mock
DENTAL_CENTER,2026-03-17,electricity_kwh,2022.53,kWh,estimated,mock_generator_v1,mock
DENTAL_CENTER,2026-03-17,water_m3,16.9,m3,estimated,mock_generator_v1,mock
DENTAL_CENTER,2026-03-17,medical_waste_kg,22.11,kg,estimated,mock_generator_v1,mock
DENTAL_CENTER,2026-03-17,pathological_waste_kg,0,kg,estimated,mock_generator_v1,mock
DENTAL_CENTER,2026-03-17,general_waste_kg,186.61,kg,estimated,mock_generator_v1,mock
DENTAL_CENTER,2026-03-18,electricity_kwh,2020.66,kWh,estimated,mock_generator_v1,mock
DENTAL_CENTER,2026-03-18,water_m3,17.18,m3,estimated,mock_generator_v1,mock
DENTAL_CENTER,2026-03-18,medical_waste_kg,21.95,kg,estimated,mock_generator_v1,mock
DENTAL_CENTER,2026-03-18,pathological_waste_kg,0,kg,estimated,mock_generator_v1,mock
DENTAL_CENTER,2026-03-18,general_waste_kg,185.66,kg,estimated,mock_generator_v1,mock
DENTAL_CENTER,2026-03-19,electricity_kwh,2220.1,kWh,estimated,mock_generator_v1,mock
DENTAL_CENTER,2026-03-19,water_m3,18.07,m3,estimated,mock_generator_v1,mock
DENTAL_CENTER,2026-03-19,medical_waste_kg,21.33,kg,estimated,mock_generator_v1,mock
DENTAL_CENTER,2026-03-19,pathological_waste_kg,0,kg,estimated,mock_generator_v1,mock
DENTAL_CENTER,2026-03-19,general_waste_kg,169.93,kg,estimated,mock_generator_v1,mock
DENTAL_CENTER,2026-03-20,electricity_kwh,2022.92,kWh,estimated,mock_generator_v1,mock
DENTAL_CENTER,2026-03-20,water_m3,17.22,m3,estimated,mock_generator_v1,mock
DENTAL_CENTER,2026-03-20,medical_waste_kg,21.01,kg,estimated,mock_generator_v1,mock
DENTAL_CENTER,2026-03-20,pathological_waste_kg,0,kg,estimated,mock_generator_v1,mock
DENTAL_CENTER,2026-03-20,general_waste_kg,167.76,kg,estimated,mock_generator_v1,mock
DENTAL_CENTER,2026-03-21,electricity_kwh,1855.57,kWh,estimated,mock_generator_v1,mock
DENTAL_CENTER,2026-03-21,water_m3,15.27,m3,estimated,mock_generator_v1,mock
DENTAL_CENTER,2026-03-21,medical_waste_kg,20.65,kg,estimated,mock_generator_v1,mock
DENTAL_CENTER,2026-03-21,pathological_waste_kg,0,kg,estimated,mock_generator_v1,mock
DENTAL_CENTER,2026-03-21,general_waste_kg,159.58,kg,estimated,mock_generator_v1,mock
DENTAL_CENTER,2026-03-22,electricity_kwh,1891.78,kWh,estimated,mock_generator_v1,mock
DENTAL_CENTER,2026-03-22,water_m3,14.89,m3,estimated,mock_generator_v1,mock
DENTAL_CENTER,2026-03-22,medical_waste_kg,20.36,kg,estimated,mock_generator_v1,mock
DENTAL_CENTER,2026-03-22,pathological_waste_kg,0,kg,estimated,mock_generator_v1,mock
DENTAL_CENTER,2026-03-22,general_waste_kg,158.2,kg,estimated,mock_generator_v1,mock
DENTAL_CENTER,2026-03-23,electricity_kwh,2193.93,kWh,estimated,mock_generator_v1,mock
DENTAL_CENTER,2026-03-23,water_m3,18.21,m3,estimated,mock_generator_v1,mock
DENTAL_CENTER,2026-03-23,medical_waste_kg,21.91,kg,estimated,mock_generator_v1,mock
DENTAL_CENTER,2026-03-23,pathological_waste_kg,0,kg,estimated,mock_generator_v1,mock
DENTAL_CENTER,2026-03-23,general_waste_kg,178.5,kg,estimated,mock_generator_v1,mock
DENTAL_CENTER,2026-03-24,electricity_kwh,2020.46,kWh,estimated,mock_generator_v1,mock
DENTAL_CENTER,2026-03-24,water_m3,16.71,m3,estimated,mock_generator_v1,mock
DENTAL_CENTER,2026-03-24,medical_waste_kg,23.36,kg,estimated,mock_generator_v1,mock
DENTAL_CENTER,2026-03-24,pathological_waste_kg,0,kg,estimated,mock_generator_v1,mock
DENTAL_CENTER,2026-03-24,general_waste_kg,179.44,kg,estimated,mock_generator_v1,mock
DENTAL_CENTER,2026-03-25,electricity_kwh,2181.17,kWh,estimated,mock_generator_v1,mock
DENTAL_CENTER,2026-03-25,water_m3,17.71,m3,estimated,mock_generator_v1,mock
DENTAL_CENTER,2026-03-25,medical_waste_kg,20.69,kg,estimated,mock_generator_v1,mock
DENTAL_CENTER,2026-03-25,pathological_waste_kg,0,kg,estimated,mock_generator_v1,mock
DENTAL_CENTER,2026-03-25,general_waste_kg,183.26,kg,estimated,mock_generator_v1,mock
DENTAL_CENTER,2026-03-26,electricity_kwh,1987.51,kWh,estimated,mock_generator_v1,mock
DENTAL_CENTER,2026-03-26,water_m3,16.99,m3,estimated,mock_generator_v1,mock
DENTAL_CENTER,2026-03-26,medical_waste_kg,22.19,kg,estimated,mock_generator_v1,mock
DENTAL_CENTER,2026-03-26,pathological_waste_kg,0,kg,estimated,mock_generator_v1,mock
DENTAL_CENTER,2026-03-26,general_waste_kg,175.06,kg,estimated,mock_generator_v1,mock
DENTAL_CENTER,2026-03-27,electricity_kwh,2224.47,kWh,estimated,mock_generator_v1,mock
DENTAL_CENTER,2026-03-27,water_m3,16.9,m3,estimated,mock_generator_v1,mock
DENTAL_CENTER,2026-03-27,medical_waste_kg,22.81,kg,estimated,mock_generator_v1,mock
DENTAL_CENTER,2026-03-27,pathological_waste_kg,0,kg,estimated,mock_generator_v1,mock
DENTAL_CENTER,2026-03-27,general_waste_kg,182.68,kg,estimated,mock_generator_v1,mock
DENTAL_CENTER,2026-03-28,electricity_kwh,1912.47,kWh,estimated,mock_generator_v1,mock
DENTAL_CENTER,2026-03-28,water_m3,15.14,m3,estimated,mock_generator_v1,mock
DENTAL_CENTER,2026-03-28,medical_waste_kg,19.42,kg,estimated,mock_generator_v1,mock
DENTAL_CENTER,2026-03-28,pathological_waste_kg,0,kg,estimated,mock_generator_v1,mock
DENTAL_CENTER,2026-03-28,general_waste_kg,157.3,kg,estimated,mock_generator_v1,mock
DENTAL_CENTER,2026-03-29,electricity_kwh,1835.3,kWh,estimated,mock_generator_v1,mock
DENTAL_CENTER,2026-03-29,water_m3,16.75,m3,estimated,mock_generator_v1,mock
DENTAL_CENTER,2026-03-29,medical_waste_kg,20.69,kg,estimated,mock_generator_v1,mock
DENTAL_CENTER,2026-03-29,pathological_waste_kg,0,kg,estimated,mock_generator_v1,mock
DENTAL_CENTER,2026-03-29,general_waste_kg,154.08,kg,estimated,mock_generator_v1,mock
DENTAL_CENTER,2026-03-30,electricity_kwh,2130.5,kWh,estimated,mock_generator_v1,mock
DENTAL_CENTER,2026-03-30,water_m3,18.32,m3,estimated,mock_generator_v1,mock
DENTAL_CENTER,2026-03-30,medical_waste_kg,22.74,kg,estimated,mock_generator_v1,mock
DENTAL_CENTER,2026-03-30,pathological_waste_kg,0,kg,estimated,mock_generator_v1,mock
DENTAL_CENTER,2026-03-30,general_waste_kg,191.28,kg,estimated,mock_generator_v1,mock
DENTAL_CENTER,2026-03-31,electricity_kwh,2026.36,kWh,estimated,mock_generator_v1,mock
DENTAL_CENTER,2026-03-31,water_m3,17.17,m3,estimated,mock_generator_v1,mock
DENTAL_CENTER,2026-03-31,medical_waste_kg,22.49,kg,estimated,mock_generator_v1,mock
DENTAL_CENTER,2026-03-31,pathological_waste_kg,0,kg,estimated,mock_generator_v1,mock
DENTAL_CENTER,2026-03-31,general_waste_kg,171.36,kg,estimated,mock_generator_v1,mock
BALCOVA_MED,2026-03-01,electricity_kwh,2198.44,kWh,estimated,mock_generator_v1,mock
BALCOVA_MED,2026-03-01,water_m3,24.61,m3,estimated,mock_generator_v1,mock
BALCOVA_MED,2026-03-01,medical_waste_kg,22.92,kg,estimated,mock_generator_v1,mock
BALCOVA_MED,2026-03-01,pathological_waste_kg,0,kg,estimated,mock_generator_v1,mock
BALCOVA_MED,2026-03-01,general_waste_kg,305.87,kg,estimated,mock_generator_v1,mock
BALCOVA_MED,2026-03-02,electricity_kwh,2629.27,kWh,estimated,mock_generator_v1,mock
BALCOVA_MED,2026-03-02,water_m3,29.0,m3,estimated,mock_generator_v1,mock
BALCOVA_MED,2026-03-02,medical_waste_kg,26.95,kg,estimated,mock_generator_v1,mock
BALCOVA_MED,2026-03-02,pathological_waste_kg,0,kg,estimated,mock_generator_v1,mock
BALCOVA_MED,2026-03-02,general_waste_kg,360.14,kg,estimated,mock_generator_v1,mock
BALCOVA_MED,2026-03-03,electricity_kwh,2663.33,kWh,estimated,mock_generator_v1,mock
BALCOVA_MED,2026-03-03,water_m3,29.78,m3,estimated,mock_generator_v1,mock
BALCOVA_MED,2026-03-03,medical_waste_kg,28.73,kg,estimated,mock_generator_v1,mock
BALCOVA_MED,2026-03-03,pathological_waste_kg,0,kg,estimated,mock_generator_v1,mock
BALCOVA_MED,2026-03-03,general_waste_kg,370.77,kg,estimated,mock_generator_v1,mock
BALCOVA_MED,2026-03-04,electricity_kwh,2689.8,kWh,estimated,mock_generator_v1,mock
BALCOVA_MED,2026-03-04,water_m3,30.6,m3,estimated,mock_generator_v1,mock
BALCOVA_MED,2026-03-04,medical_waste_kg,28.63,kg,estimated,mock_generator_v1,mock
BALCOVA_MED,2026-03-04,pathological_waste_kg,0,kg,estimated,mock_generator_v1,mock
BALCOVA_MED,2026-03-04,general_waste_kg,371.25,kg,estimated,mock_generator_v1,mock
BALCOVA_MED,2026-03-05,electricity_kwh,2576.64,kWh,estimated,mock_generator_v1,mock
BALCOVA_MED,2026-03-05,water_m3,30.21,m3,estimated,mock_generator_v1,mock
BALCOVA_MED,2026-03-05,medical_waste_kg,28.58,kg,estimated,mock_generator_v1,mock
BALCOVA_MED,2026-03-05,pathological_waste_kg,0,kg,estimated,mock_generator_v1,mock
BALCOVA_MED,2026-03-05,general_waste_kg,370.01,kg,estimated,mock_generator_v1,mock
BALCOVA_MED,2026-03-06,electricity_kwh,2701.91,kWh,estimated,mock_generator_v1,mock
BALCOVA_MED,2026-03-06,water_m3,27.94,m3,estimated,mock_generator_v1,mock
BALCOVA_MED,2026-03-06,medical_waste_kg,26.69,kg,estimated,mock_generator_v1,mock
BALCOVA_MED,2026-03-06,pathological_waste_kg,0,kg,estimated,mock_generator_v1,mock
BALCOVA_MED,2026-03-06,general_waste_kg,340.57,kg,estimated,mock_generator_v1,mock
BALCOVA_MED,2026-03-07,electricity_kwh,2356.35,kWh,estimated,mock_generator_v1,mock
BALCOVA_MED,2026-03-07,water_m3,26.69,m3,estimated,mock_generator_v1,mock
BALCOVA_MED,2026-03-07,medical_waste_kg,23.91,kg,estimated,mock_generator_v1,mock
BALCOVA_MED,2026-03-07,pathological_waste_kg,0,kg,estimated,mock_generator_v1,mock
BALCOVA_MED,2026-03-07,general_waste_kg,291.8,kg,estimated,mock_generator_v1,mock
BALCOVA_MED,2026-03-08,electricity_kwh,2339.8,kWh,estimated,mock_generator_v1,mock
BALCOVA_MED,2026-03-08,water_m3,27.24,m3,estimated,mock_generator_v1,mock
BALCOVA_MED,2026-03-08,medical_waste_kg,26.17,kg,estimated,mock_generator_v1,mock
BALCOVA_MED,2026-03-08,pathological_waste_kg,0,kg,estimated,mock_generator_v1,mock
BALCOVA_MED,2026-03-08,general_waste_kg,308.02,kg,estimated,mock_generator_v1,mock
BALCOVA_MED,2026-03-09,electricity_kwh,2598.06,kWh,estimated,mock_generator_v1,mock
BALCOVA_MED,2026-03-09,water_m3,27.99,m3,estimated,mock_generator_v1,mock
BALCOVA_MED,2026-03-09,medical_waste_kg,26.2,kg,estimated,mock_generator_v1,mock
BALCOVA_MED,2026-03-09,pathological_waste_kg,0,kg,estimated,mock_generator_v1,mock
BALCOVA_MED,2026-03-09,general_waste_kg,346.67,kg,estimated,mock_generator_v1,mock
BALCOVA_MED,2026-03-10,electricity_kwh,2544.56,kWh,estimated,mock_generator_v1,mock
BALCOVA_MED,2026-03-10,water_m3,28.8,m3,estimated,mock_generator_v1,mock
BALCOVA_MED,2026-03-10,medical_waste_kg,26.4,kg,estimated,mock_generator_v1,mock
BALCOVA_MED,2026-03-10,pathological_waste_kg,0,kg,estimated,mock_generator_v1,mock
BALCOVA_MED,2026-03-10,general_waste_kg,372.63,kg,estimated,mock_generator_v1,mock
BALCOVA_MED,2026-03-11,electricity_kwh,2704.82,kWh,estimated,mock_generator_v1,mock
BALCOVA_MED,2026-03-11,water_m3,30.36,m3,estimated,mock_generator_v1,mock
BALCOVA_MED,2026-03-11,medical_waste_kg,29.77,kg,estimated,mock_generator_v1,mock
BALCOVA_MED,2026-03-11,pathological_waste_kg,0,kg,estimated,mock_generator_v1,mock
BALCOVA_MED,2026-03-11,general_waste_kg,374.48,kg,estimated,mock_generator_v1,mock
BALCOVA_MED,2026-03-12,electricity_kwh,2653.75,kWh,estimated,mock_generator_v1,mock
BALCOVA_MED,2026-03-12,water_m3,28.89,m3,estimated,mock_generator_v1,mock
BALCOVA_MED,2026-03-12,medical_waste_kg,26.2,kg,estimated,mock_generator_v1,mock
BALCOVA_MED,2026-03-12,pathological_waste_kg,0,kg,estimated,mock_generator_v1,mock
BALCOVA_MED,2026-03-12,general_waste_kg,362.56,kg,estimated,mock_generator_v1,mock
BALCOVA_MED,2026-03-13,electricity_kwh,2590.8,kWh,estimated,mock_generator_v1,mock
BALCOVA_MED,2026-03-13,water_m3,30.73,m3,estimated,mock_generator_v1,mock
BALCOVA_MED,2026-03-13,medical_waste_kg,29.63,kg,estimated,mock_generator_v1,mock
BALCOVA_MED,2026-03-13,pathological_waste_kg,0,kg,estimated,mock_generator_v1,mock
BALCOVA_MED,2026-03-13,general_waste_kg,334.39,kg,estimated,mock_generator_v1,mock
BALCOVA_MED,2026-03-14,electricity_kwh,2311.43,kWh,estimated,mock_generator_v1,mock
BALCOVA_MED,2026-03-14,water_m3,26.97,m3,estimated,mock_generator_v1,mock
BALCOVA_MED,2026-03-14,medical_waste_kg,24.61,kg,estimated,mock_generator_v1,mock
BALCOVA_MED,2026-03-14,pathological_waste_kg,0,kg,estimated,mock_generator_v1,mock
BALCOVA_MED,2026-03-14,general_waste_kg,290.37,kg,estimated,mock_generator_v1,mock
BALCOVA_MED,2026-03-15,electricity_kwh,2246.26,kWh,estimated,mock_generator_v1,mock
BALCOVA_MED,2026-03-15,water_m3,25.7,m3,estimated,mock_generator_v1,mock
BALCOVA_MED,2026-03-15,medical_waste_kg,25.23,kg,estimated,mock_generator_v1,mock
BALCOVA_MED,2026-03-15,pathological_waste_kg,0,kg,estimated,mock_generator_v1,mock
BALCOVA_MED,2026-03-15,general_waste_kg,323.43,kg,estimated,mock_generator_v1,mock
BALCOVA_MED,2026-03-16,electricity_kwh,2546.9,kWh,estimated,mock_generator_v1,mock
BALCOVA_MED,2026-03-16,water_m3,30.93,m3,estimated,mock_generator_v1,mock
BALCOVA_MED,2026-03-16,medical_waste_kg,27.17,kg,estimated,mock_generator_v1,mock
BALCOVA_MED,2026-03-16,pathological_waste_kg,0,kg,estimated,mock_generator_v1,mock
BALCOVA_MED,2026-03-16,general_waste_kg,371.81,kg,estimated,mock_generator_v1,mock
BALCOVA_MED,2026-03-17,electricity_kwh,2697.83,kWh,estimated,mock_generator_v1,mock
BALCOVA_MED,2026-03-17,water_m3,30.24,m3,estimated,mock_generator_v1,mock
BALCOVA_MED,2026-03-17,medical_waste_kg,27.82,kg,estimated,mock_generator_v1,mock
BALCOVA_MED,2026-03-17,pathological_waste_kg,0,kg,estimated,mock_generator_v1,mock
BALCOVA_MED,2026-03-17,general_waste_kg,340.91,kg,estimated,mock_generator_v1,mock
BALCOVA_MED,2026-03-18,electricity_kwh,2544.86,kWh,estimated,mock_generator_v1,mock
BALCOVA_MED,2026-03-18,water_m3,32.26,m3,estimated,mock_generator_v1,mock
BALCOVA_MED,2026-03-18,medical_waste_kg,27.62,kg,estimated,mock_generator_v1,mock
BALCOVA_MED,2026-03-18,pathological_waste_kg,0,kg,estimated,mock_generator_v1,mock
BALCOVA_MED,2026-03-18,general_waste_kg,350.72,kg,estimated,mock_generator_v1,mock
BALCOVA_MED,2026-03-19,electricity_kwh,2752.29,kWh,estimated,mock_generator_v1,mock
BALCOVA_MED,2026-03-19,water_m3,30.76,m3,estimated,mock_generator_v1,mock
BALCOVA_MED,2026-03-19,medical_waste_kg,28.17,kg,estimated,mock_generator_v1,mock
BALCOVA_MED,2026-03-19,pathological_waste_kg,0,kg,estimated,mock_generator_v1,mock
BALCOVA_MED,2026-03-19,general_waste_kg,345.75,kg,estimated,mock_generator_v1,mock
BALCOVA_MED,2026-03-20,electricity_kwh,2502.53,kWh,estimated,mock_generator_v1,mock
BALCOVA_MED,2026-03-20,water_m3,29.34,m3,estimated,mock_generator_v1,mock
BALCOVA_MED,2026-03-20,medical_waste_kg,29.01,kg,estimated,mock_generator_v1,mock
BALCOVA_MED,2026-03-20,pathological_waste_kg,0,kg,estimated,mock_generator_v1,mock
BALCOVA_MED,2026-03-20,general_waste_kg,356.15,kg,estimated,mock_generator_v1,mock
BALCOVA_MED,2026-03-21,electricity_kwh,2359.38,kWh,estimated,mock_generator_v1,mock
BALCOVA_MED,2026-03-21,water_m3,25.15,m3,estimated,mock_generator_v1,mock
BALCOVA_MED,2026-03-21,medical_waste_kg,24.81,kg,estimated,mock_generator_v1,mock
BALCOVA_MED,2026-03-21,pathological_waste_kg,0,kg,estimated,mock_generator_v1,mock
BALCOVA_MED,2026-03-21,general_waste_kg,326.44,kg,estimated,mock_generator_v1,mock
BALCOVA_MED,2026-03-22,electricity_kwh,2271.01,kWh,estimated,mock_generator_v1,mock
BALCOVA_MED,2026-03-22,water_m3,27.24,m3,estimated,mock_generator_v1,mock
BALCOVA_MED,2026-03-22,medical_waste_kg,23.33,kg,estimated,mock_generator_v1,mock
BALCOVA_MED,2026-03-22,pathological_waste_kg,0,kg,estimated,mock_generator_v1,mock
BALCOVA_MED,2026-03-22,general_waste_kg,328.4,kg,estimated,mock_generator_v1,mock
BALCOVA_MED,2026-03-23,electricity_kwh,2633.97,kWh,estimated,mock_generator_v1,mock
BALCOVA_MED,2026-03-23,water_m3,28.75,m3,estimated,mock_generator_v1,mock
BALCOVA_MED,2026-03-23,medical_waste_kg,26.66,kg,estimated,mock_generator_v1,mock
BALCOVA_MED,2026-03-23,pathological_waste_kg,0,kg,estimated,mock_generator_v1,mock
BALCOVA_MED,2026-03-23,general_waste_kg,352.49,kg,estimated,mock_generator_v1,mock
BALCOVA_MED,2026-03-24,electricity_kwh,2616.3,kWh,estimated,mock_generator_v1,mock
BALCOVA_MED,2026-03-24,water_m3,28.05,m3,estimated,mock_generator_v1,mock
BALCOVA_MED,2026-03-24,medical_waste_kg,29.93,kg,estimated,mock_generator_v1,mock
BALCOVA_MED,2026-03-24,pathological_waste_kg,0,kg,estimated,mock_generator_v1,mock
BALCOVA_MED,2026-03-24,general_waste_kg,370.23,kg,estimated,mock_generator_v1,mock
BALCOVA_MED,2026-03-25,electricity_kwh,2587.97,kWh,estimated,mock_generator_v1,mock
BALCOVA_MED,2026-03-25,water_m3,28.16,m3,estimated,mock_generator_v1,mock
BALCOVA_MED,2026-03-25,medical_waste_kg,29.3,kg,estimated,mock_generator_v1,mock
BALCOVA_MED,2026-03-25,pathological_waste_kg,0,kg,estimated,mock_generator_v1,mock
BALCOVA_MED,2026-03-25,general_waste_kg,349.92,kg,estimated,mock_generator_v1,mock
BALCOVA_MED,2026-03-26,electricity_kwh,2667.58,kWh,estimated,mock_generator_v1,mock
BALCOVA_MED,2026-03-26,water_m3,30.04,m3,estimated,mock_generator_v1,mock
BALCOVA_MED,2026-03-26,medical_waste_kg,27.11,kg,estimated,mock_generator_v1,mock
BALCOVA_MED,2026-03-26,pathological_waste_kg,0,kg,estimated,mock_generator_v1,mock
BALCOVA_MED,2026-03-26,general_waste_kg,366.4,kg,estimated,mock_generator_v1,mock
BALCOVA_MED,2026-03-27,electricity_kwh,2749.84,kWh,estimated,mock_generator_v1,mock
BALCOVA_MED,2026-03-27,water_m3,28.77,m3,estimated,mock_generator_v1,mock
BALCOVA_MED,2026-03-27,medical_waste_kg,28.2,kg,estimated,mock_generator_v1,mock
BALCOVA_MED,2026-03-27,pathological_waste_kg,0,kg,estimated,mock_generator_v1,mock
BALCOVA_MED,2026-03-27,general_waste_kg,344.3,kg,estimated,mock_generator_v1,mock
BALCOVA_MED,2026-03-28,electricity_kwh,2403.83,kWh,estimated,mock_generator_v1,mock
BALCOVA_MED,2026-03-28,water_m3,26.43,m3,estimated,mock_generator_v1,mock
BALCOVA_MED,2026-03-28,medical_waste_kg,25.95,kg,estimated,mock_generator_v1,mock
BALCOVA_MED,2026-03-28,pathological_waste_kg,0,kg,estimated,mock_generator_v1,mock
BALCOVA_MED,2026-03-28,general_waste_kg,323.7,kg,estimated,mock_generator_v1,mock
BALCOVA_MED,2026-03-29,electricity_kwh,2226.57,kWh,estimated,mock_generator_v1,mock
BALCOVA_MED,2026-03-29,water_m3,27.62,m3,estimated,mock_generator_v1,mock
BALCOVA_MED,2026-03-29,medical_waste_kg,24.35,kg,estimated,mock_generator_v1,mock
BALCOVA_MED,2026-03-29,pathological_waste_kg,0,kg,estimated,mock_generator_v1,mock
BALCOVA_MED,2026-03-29,general_waste_kg,326.72,kg,estimated,mock_generator_v1,mock
BALCOVA_MED,2026-03-30,electricity_kwh,2602.41,kWh,estimated,mock_generator_v1,mock
BALCOVA_MED,2026-03-30,water_m3,31.54,m3,estimated,mock_generator_v1,mock
BALCOVA_MED,2026-03-30,medical_waste_kg,27.15,kg,estimated,mock_generator_v1,mock
BALCOVA_MED,2026-03-30,pathological_waste_kg,0,kg,estimated,mock_generator_v1,mock
BALCOVA_MED,2026-03-30,general_waste_kg,340.13,kg,estimated,mock_generator_v1,mock
BALCOVA_MED,2026-03-31,electricity_kwh,2627.12,kWh,estimated,mock_generator_v1,mock
BALCOVA_MED,2026-03-31,water_m3,32.39,m3,estimated,mock_generator_v1,mock
BALCOVA_MED,2026-03-31,medical_waste_kg,27.96,kg,estimated,mock_generator_v1,mock
BALCOVA_MED,2026-03-31,pathological_waste_kg,0,kg,estimated,mock_generator_v1,mock
BALCOVA_MED,2026-03-31,general_waste_kg,332.78,kg,estimated,mock_generator_v1,mock
